Age,Gender,self_employed,family_history,treatment,no_employees,remote_work,tech_company,benefits,care_options,wellness_program,seek_help,anonymity,leave,mental_health_consequence,phys_health_consequence,coworkers,supervisor,mental_health_interview,phys_health_interview,mental_vs_physical,obs_consequence
37,1,0,0,1,5,0,1,1,0,0,1,1,4,2,2,1,1,2,2,1,0
44,0,0,0,0,5,0,0,2,0,0,2,2,4,2,2,0,0,2,2,2,0
32,0,0,0,0,5,0,1,2,0,0,2,2,3,2,2,1,1,1,1,2,0
31,0,0,1,1,5,0,1,2,1,0,2,2,3,1,1,1,0,2,2,2,1
31,0,0,0,0,5,1,1,1,0,0,2,2,4,2,2,1,1,1,1,2,0
33,0,0,1,0,5,0,1,1,0,0,2,2,4,2,2,1,1,2,2,2,0
35,1,0,1,1,5,1,1,2,0,0,2,2,3,2,2,1,0,2,2,2,0
39,0,0,0,0,5,1,1,2,1,0,2,1,4,2,2,0,0,2,2,2,0
42,1,0,1,1,5,0,1,1,1,0,2,2,4,2,2,1,1,2,2,2,0
23,0,0,0,0,5,0,1,2,0,0,2,2,4,2,2,1,1,2,2,1,0
31,0,0,0,1,5,1,1,2,0,0,2,2,4,2,2,1,1,2,2,2,0
29,0,0,0,0,5,1,1,2,0,0,2,2,4,2,2,1,1,1,1,2,0
42,1,0,1,1,5,0,0,1,1,0,2,2,3,1,1,1,1,2,2,2,1
36,0,0,1,0,4,0,1,2,0,0,2,2,4,2,2,1,1,2,2,2,0
27,0,0,0,0,5,0,1,2,0,0,2,2,4,2,2,1,1,2,1,1,0
29,1,0,1,1,5,0,1,1,0,0,2,2,4,2,2,1,1,2,2,2,0
23,0,0,0,1,5,1,1,2,0,0,2,2,4,2,2,1,0,2,2,2,0
32,0,0,0,1,5,0,1,1,1,0,2,2,4,2,2,1,1,2,2,2,0
46,0,1,1,0,5,1,1,1,0,1,2,1,4,2,2,1,1,2,1,1,1
36,0,1,1,0,5,1,1,2,0,1,2,1,4,2,2,1,1,2,2,2,0
29,0,0,1,1,5,0,1,1,1,0,2,2,3,2,2,1,1,2,2,2,0
31,0,1,0,0,5,1,1,2,0,0,2,1,3,2,2,1,1,2,2,1,0
46,0,0,0,1,5,1,1,1,1,0,2,2,4,2,2,1,1,2,2,2,0
41,0,0,0,1,5,0,0,2,0,0,2,2,4,2,2,0,0,2,1,2,0
33,0,0,1,1,5,0,1,1,0,0,1,1,4,2,2,1,1,2,1,2,0
35,0,0,1,1,5,0,0,1,1,0,2,2,4,1,2,1,1,2,1,2,0
33,0,0,0,0,5,0,1,2,0,0,2,2,4,2,2,1,0,2,2,2,0
35,1,0,1,1,5,1,1,1,1,0,2,2,4,2,2,1,1,2,2,1,0
34,0,0,0,1,5,1,1,2,0,0,2,2,3,2,2,1,0,2,2,2,0
37,0,0,0,0,5,0,1,2,0,0,2,2,4,1,2,1,0,2,2,2,0
32,0,0,0,0,5,1,1,2,0,0,2,2,4,1,1,1,1,2,2,2,0
31,0,1,1,0,5,1,1,2,1,0,2,2,3,1,2,0,0,2,2,2,1
30,0,0,1,1,4,1,1,2,0,0,2,1,4,2,2,1,1,2,1,2,0
42,0,0,1,1,5,1,1,1,1,1,1,1,4,2,2,1,1,2,1,2,0
40,1,0,0,1,5,0,1,1,1,0,2,2,4,2,2,1,0,2,2,1,0
27,0,0,0,1,5,0,1,2,1,0,2,2,4,2,2,1,1,2,2,2,0
29,0,0,0,0,5,0,1,2,0,0,2,2,4,1,2,1,0,2,2,2,0
38,0,0,0,0,5,0,1,2,1,0,2,2,4,2,2,1,1,2,2,2,0
50,0,0,0,0,5,0,1,1,1,0,2,2,4,2,2,1,1,2,2,2,0
35,0,0,0,1,5,1,1,1,1,0,1,1,4,2,2,1,1,2,2,1,0
24,0,0,0,1,5,0,1,2,0,0,2,2,4,2,2,1,0,2,1,2,1
35,0,0,0,0,5,1,1,1,0,0,1,2,3,1,1,1,0,2,2,2,0
27,0,0,1,1,5,0,1,2,1,0,2,1,4,2,2,1,0,2,2,1,0
18,0,0,0,0,5,0,1,2,0,0,2,2,3,1,2,0,1,2,2,2,0
30,0,0,0,1,5,0,1,2,0,0,2,2,4,2,2,0,0,2,2,2,0
38,1,0,1,1,5,0,1,1,1,0,1,1,4,2,2,1,1,2,2,1,0
28,0,0,0,0,5,0,1,2,0,0,2,2,4,2,2,1,1,2,1,2,0
34,0,0,0,0,5,0,1,2,0,0,2,2,4,2,2,1,1,2,1,2,0
26,0,1,0,0,5,0,1,2,1,1,2,2,4,2,2,1,1,2,2,1,0
30,0,0,1,1,5,0,1,1,0,0,2,2,4,2,2,1,1,2,2,2,0
22,0,0,1,1,5,0,1,2,1,0,2,1,4,2,2,0,0,2,2,2,0
33,0,0,0,0,5,1,1,2,0,0,2,2,4,2,2,1,1,2,2,2,0
31,0,0,0,0,5,1,1,2,0,0,2,2,4,2,2,1,1,2,2,2,0
32,0,0,0,0,5,1,1,2,0,0,2,2,4,2,2,1,1,2,2,2,0
28,0,0,0,0,5,0,1,2,0,0,2,2,4,2,2,0,0,2,2,2,0
27,0,0,1,1,5,0,1,1,1,0,2,1,4,2,2,0,0,2,2,2,0
32,0,0,1,0,5,1,1,2,0,0,2,2,4,2,2,1,1,2,2,1,0
24,0,0,1,1,5,1,1,2,0,0,2,2,4,2,2,1,1,1,1,2,0
26,0,0,0,0,5,0,0,2,0,0,2,1,4,2,2,1,1,2,1,2,0
33,0,0,1,1,5,1,1,2,0,0,2,2,3,1,2,0,0,2,2,2,0
44,0,0,1,1,5,0,0,1,0,0,2,2,4,1,2,1,0,2,2,2,1
26,1,0,0,1,5,1,1,2,0,1,1,1,4,2,2,1,1,2,1,1,0
27,0,0,0,0,5,0,1,1,0,0,1,2,4,2,2,1,1,2,2,1,0
26,0,0,0,0,5,0,1,2,0,0,2,2,4,1,2,0,0,2,2,2,1
35,0,0,0,0,5,0,1,2,0,0,2,2,4,2,2,1,1,2,2,2,0
40,0,0,1,0,5,1,1,1,1,1,1,2,4,1,2,1,0,2,2,2,1
23,1,0,1,1,5,1,1,2,0,0,2,2,4,2,2,1,1,2,2,1,0
36,0,0,0,0,5,1,1,1,0,0,1,2,4,2,2,1,1,2,1,1,0
31,1,0,0,0,5,1,0,2,0,0,2,2,4,2,2,1,0,2,2,2,0
34,0,1,0,0,5,1,1,2,0,0,2,2,4,2,2,1,0,2,2,2,0
28,0,0,0,0,5,0,1,2,0,0,2,2,4,2,2,1,1,2,2,2,0
34,0,0,0,0,5,0,1,2,0,0,2,2,4,2,2,1,1,2,2,2,0
23,0,0,0,0,5,0,1,1,1,0,2,1,3,2,2,1,1,2,2,2,0
38,0,0,0,0,5,0,1,2,0,0,2,1,4,2,2,1,1,2,1,1,0
33,0,0,0,0,5,0,1,2,0,1,2,2,4,2,2,1,1,2,2,1,0
19,0,0,0,0,5,0,1,2,1,0,2,2,3,1,2,0,0,2,2,2,0
25,0,0,0,0,5,1,1,1,1,1,1,2,4,2,2,1,1,2,1,1,0
31,0,1,1,0,5,1,1,2,0,0,2,1,3,2,2,1,1,2,2,1,0
32,0,0,1,1,5,1,1,2,0,0,2,2,3,1,2,1,0,2,1,2,0
28,0,0,0,0,5,1,1,2,0,0,2,2,4,2,2,1,1,2,1,1,0
38,0,0,1,0,5,1,1,1,1,0,1,2,4,2,2,1,1,2,2,1,0
23,0,0,0,0,5,0,1,1,0,1,2,2,4,2,2,1,1,2,2,1,0
30,0,0,0,0,5,0,0,2,0,0,2,2,4,2,2,1,1,2,2,2,0
27,0,1,0,1,5,1,1,1,1,1,1,1,4,2,2,1,1,2,2,1,0
33,0,0,1,0,5,0,1,2,0,0,2,2,4,1,2,0,0,2,2,2,0
31,0,0,0,0,5,0,1,2,0,0,2,2,4,2,2,1,1,2,2,2,0
39,0,1,0,1,5,0,1,2,0,0,2,2,4,2,2,1,0,2,2,2,1
34,1,0,1,1,4,1,1,1,0,0,2,2,4,1,2,1,1,2,2,2,0
29,1,0,0,1,5,0,1,1,1,0,2,2,4,2,2,1,1,2,2,2,1
32,0,0,0,0,4,0,1,2,0,0,2,2,4,2,2,1,1,2,2,2,0
31,0,0,0,0,4,0,1,1,1,1,1,1,4,2,2,1,1,2,2,1,0
40,0,0,0,1,5,0,1,2,1,0,2,1,4,2,2,1,1,1,1,2,0
34,0,0,0,0,5,0,1,2,0,0,2,2,4,2,2,1,0,2,2,2,0
18,0,0,0,0,5,1,1,1,1,0,2,1,4,2,2,1,1,1,1,2,0
25,1,0,0,1,5,0,1,1,1,0,2,2,4,2,2,1,1,2,2,2,0
29,0,0,0,0,5,0,1,2,0,0,2,2,4,2,2,1,1,2,2,2,0
24,0,0,1,0,5,0,1,2,0,0,2,2,4,2,2,1,0,2,2,2,0
31,0,0,1,1,5,0,1,2,0,0,2,2,4,2,2,1,1,2,1,2,0
33,0,0,0,1,5,0,1,2,1,0,2,2,4,2,2,1,0,2,2,2,0
30,0,0,0,1,5,0,1,2,1,0,2,1,4,2,2,1,1,2,2,1,0
26,1,0,1,1,5,0,0,2,1,0,2,2,4,1,2,0,0,2,2,2,1
44,1,0,0,0,5,0,1,1,0,0,2,2,4,2,2,0,1,2,2,2,0
25,0,0,1,0,5,0,1,2,0,0,2,2,4,2,2,1,1,2,2,2,0
33,0,0,1,1,5,1,1,1,1,1,1,1,4,2,2,1,1,2,2,1,0
29,0,0,0,0,5,0,1,1,0,1,2,2,4,2,2,1,1,2,2,2,0
35,0,0,1,0,5,0,1,1,0,0,2,1,4,2,2,1,1,2,2,2,0
35,0,0,1,1,5,1,1,2,0,0,2,2,4,2,2,1,1,2,2,2,0
28,0,0,1,1,5,0,1,2,0,0,2,2,4,2,2,1,1,2,2,2,1
34,0,0,1,0,5,1,1,1,0,0,2,2,4,2,2,0,0,2,2,2,0
32,0,0,0,1,5,0,1,1,0,1,1,1,3,2,2,1,1,2,2,1,0
22,0,0,0,1,4,0,1,1,1,0,2,1,4,1,2,0,0,2,1,2,0
28,0,0,0,1,5,0,1,1,1,1,1,1,4,2,2,1,1,2,2,1,0
45,0,0,1,1,5,1,1,1,1,0,1,1,4,2,2,1,1,1,1,1,0
32,0,0,0,0,5,0,1,1,1,0,2,2,4,2,2,1,1,2,2,2,0
28,0,0,0,0,5,0,1,2,0,0,2,2,4,2,2,1,0,2,2,2,0
26,0,0,0,0,5,0,1,2,0,0,2,2,4,2,2,1,1,2,2,2,1
21,0,1,0,0,5,1,0,2,1,0,2,1,4,1,2,1,1,2,2,2,0
27,0,0,0,0,5,0,0,1,1,1,1,1,4,2,2,1,1,2,2,2,0
18,0,0,0,1,5,1,1,2,0,0,2,1,4,2,2,1,0,2,2,2,0
35,0,0,0,0,5,1,1,2,0,0,2,2,4,2,2,1,1,2,2,2,0
29,0,0,0,0,5,0,1,1,1,0,1,2,4,1,1,0,0,2,2,2,0
25,0,0,0,0,5,1,1,2,0,0,2,2,4,2,2,1,1,2,2,2,0
33,0,0,1,1,5,1,1,2,0,0,2,1,4,2,2,1,1,2,2,1,0
36,0,0,0,0,5,0,1,1,0,0,2,1,4,2,2,0,0,2,2,2,0
27,0,0,0,1,5,0,0,1,0,0,2,2,4,2,2,1,1,2,2,2,1
27,0,0,1,0,4,0,1,1,0,1,1,1,4,1,2,1,0,2,1,2,0
27,0,0,0,0,5,0,1,2,0,0,2,2,4,2,2,1,1,2,2,2,0
32,0,0,0,1,5,0,1,1,1,0,1,1,4,1,2,0,1,2,2,2,0
31,0,0,1,0,5,0,1,2,0,0,2,2,4,2,2,0,0,2,2,1,0
19,0,0,0,1,5,0,1,2,0,0,2,2,4,1,1,1,0,2,2,2,0
33,0,0,1,1,5,0,1,1,1,0,2,2,4,2,2,1,1,2,1,2,0
32,0,0,0,0,5,1,1,2,1,0,2,2,4,2,2,1,1,2,1,2,0
27,0,0,0,0,5,0,1,2,0,0,2,2,4,2,2,1,1,2,2,2,0
38,0,0,0,0,5,1,1,2,1,0,2,1,4,2,2,1,1,2,1,2,0
24,0,0,0,1,5,0,1,2,0,0,2,2,4,2,2,1,1,2,1,2,0
39,0,0,0,0,5,0,0,2,0,0,2,2,4,1,2,0,0,2,2,2,0
28,0,0,0,0,5,0,1,2,0,0,2,1,4,2,2,1,1,2,2,1,0
39,0,0,0,1,5,0,1,1,0,0,2,2,4,2,2,1,1,2,2,2,0
29,1,0,0,0,5,0,1,2,0,0,2,2,4,2,2,1,0,2,2,2,0
22,0,0,0,0,5,1,1,2,0,0,2,2,4,2,2,1,1,2,2,2,0
38,0,0,1,1,5,0,1,2,0,0,2,2,4,2,2,1,1,2,2,2,0
37,0,1,0,1,5,0,0,2,1,1,1,1,4,1,1,1,0,2,2,1,0
35,0,0,0,0,5,1,0,2,0,0,2,2,4,1,2,1,0,2,2,2,0
30,1,0,1,0,5,1,1,2,0,0,2,2,4,2,2,1,1,2,2,2,0
37,0,0,1,1,5,0,0,1,1,1,1,2,4,2,2,1,1,2,2,2,0
24,0,0,0,0,5,0,1,2,0,0,2,1,4,2,2,0,1,2,2,2,0
23,0,0,0,0,5,0,0,2,0,0,2,2,4,1,1,0,0,2,2,2,0
30,0,0,0,1,5,0,1,2,1,1,1,2,4,1,2,1,0,2,2,2,1
29,1,0,0,0,5,1,1,2,0,0,2,2,4,2,2,0,1,2,2,2,0
19,0,1,1,0,5,1,1,2,0,0,1,1,4,2,2,1,1,2,2,2,0
32,0,0,1,0,5,0,1,2,0,0,2,2,4,2,2,1,1,2,2,2,0
28,0,0,0,0,5,1,1,2,0,0,2,2,4,2,2,1,1,2,1,1,0
36,0,0,0,0,5,0,1,2,0,0,2,2,4,2,2,1,1,2,2,2,0
37,0,0,1,1,5,0,0,1,1,1,1,1,3,1,2,1,0,2,1,2,1
25,0,0,1,1,5,0,0,2,0,0,2,2,3,2,2,1,1,2,2,2,0
27,0,0,1,1,5,0,1,2,0,0,2,2,4,2,2,0,1,2,2,2,0
26,0,0,0,0,5,0,0,2,0,0,2,2,4,1,2,1,1,2,2,2,0
27,0,0,0,1,5,1,1,2,1,0,2,2,3,2,2,1,1,2,2,2,1
25,0,0,1,1,5,0,1,2,0,0,2,2,4,2,2,1,0,2,2,2,1
36,0,0,0,1,5,0,0,1,1,1,1,1,4,2,2,1,1,2,2,2,1
25,1,0,1,1,4,0,1,1,0,0,2,2,4,1,1,1,1,2,2,2,0
31,0,0,0,0,5,0,1,1,0,0,1,2,4,2,2,1,1,2,2,2,0
26,0,0,1,0,5,0,1,2,0,0,2,2,4,2,2,1,1,2,2,2,0
33,1,1,1,1,5,0,1,2,1,1,1,1,4,2,2,1,1,2,1,1,0
27,0,1,1,0,5,1,1,2,1,0,2,1,4,2,2,1,1,2,2,1,0
34,0,0,0,0,5,0,1,2,0,0,2,2,4,2,2,1,1,2,2,2,0
42,0,0,0,0,5,0,1,2,1,0,2,2,4,2,2,1,1,2,2,2,0
23,0,1,1,0,5,0,1,2,0,0,2,2,4,1,2,0,0,2,2,2,0
24,0,0,0,0,5,0,1,2,0,1,2,2,4,2,2,1,1,2,2,2,0
26,0,0,0,1,5,0,1,1,1,0,2,1,4,2,2,1,1,2,2,2,0
31,0,1,0,1,5,0,1,2,0,0,2,2,4,2,2,1,1,2,2,2,0
22,0,0,0,1,5,0,1,2,0,0,2,2,4,1,2,0,0,2,2,2,0
23,1,0,0,0,5,0,1,2,0,0,2,2,4,2,2,1,1,2,2,1,0
34,1,0,1,1,5,0,0,1,1,1,2,2,4,2,2,1,1,2,2,2,0
31,0,0,0,0,5,0,1,2,0,0,2,2,4,2,2,0,1,2,2,2,0
28,0,0,0,0,5,0,0,2,0,0,1,1,4,2,2,1,1,2,2,1,0
32,1,0,0,1,5,1,1,1,0,0,2,1,4,2,2,1,1,2,2,1,1
45,1,0,0,1,5,0,1,1,0,0,2,1,3,2,2,1,1,2,2,1,0
33,0,0,0,0,5,1,1,2,0,0,2,2,4,2,2,1,1,2,2,2,0
29,0,0,0,0,5,1,1,2,0,0,2,2,4,2,2,0,1,2,1,2,0
26,1,1,0,0,5,0,0,2,0,0,2,2,4,2,2,1,1,2,2,2,0
28,1,0,0,0,5,0,1,2,0,0,2,1,4,2,2,1,1,2,2,2,0
45,0,0,0,1,5,0,1,2,0,0,2,2,4,1,1,1,1,2,2,2,0
43,0,0,1,1,5,1,1,1,0,0,2,2,4,1,2,0,0,2,2,2,0
37,0,0,0,0,4,1,1,1,0,0,2,2,4,1,2,1,0,2,1,2,0
24,0,0,0,0,5,0,1,2,0,0,2,2,4,2,2,1,1,2,1,1,0
26,0,0,0,0,5,1,1,2,1,0,2,2,4,2,2,1,0,2,2,1,0
23,0,0,1,0,5,1,1,2,0,0,2,2,4,2,2,1,1,2,1,2,0
35,1,0,1,1,5,0,1,1,0,0,2,1,4,2,2,0,0,2,2,2,0
38,1,1,1,1,5,1,1,2,1,0,2,1,4,2,2,1,1,2,2,2,1
28,0,0,1,1,5,0,1,1,0,0,2,2,4,2,2,1,0,2,2,2,0
28,0,0,0,0,5,0,1,2,0,0,2,2,4,1,2,0,0,2,2,2,0
35,0,0,0,1,5,0,1,2,0,0,2,1,4,2,2,1,1,2,2,2,0
32,1,0,0,0,5,0,1,2,0,0,2,2,4,1,1,1,0,2,2,2,1
31,0,1,1,0,5,0,1,2,0,0,2,2,4,2,2,1,1,2,2,2,0
35,1,0,0,0,4,1,1,2,0,0,2,2,4,2,2,1,0,2,2,2,0
26,0,0,0,0,5,0,1,1,0,0,2,1,4,2,2,1,1,2,2,2,0
27,0,0,1,0,5,1,1,1,1,0,2,2,4,2,2,1,1,2,2,1,0
28,0,0,1,1,5,0,1,2,0,0,2,2,4,2,2,1,0,2,2,2,0
27,1,0,1,1,5,0,1,1,0,0,2,2,4,2,2,1,1,2,2,1,0
34,1,0,0,1,4,0,0,1,1,1,1,1,4,2,2,1,1,2,2,1,0
41,0,0,0,1,5,1,1,2,0,0,2,2,4,2,2,1,1,2,2,2,0
37,0,0,0,0,5,0,1,2,1,0,2,2,4,1,2,0,0,2,1,2,0
34,0,0,1,0,5,1,1,2,0,0,2,2,4,2,2,1,1,2,2,1,0
32,0,0,1,1,5,1,1,2,0,0,2,2,3,1,2,0,0,2,2,2,1
21,0,0,0,1,5,1,1,2,1,0,2,2,3,2,2,1,1,2,2,1,0
30,0,0,0,1,5,0,1,2,1,0,2,1,4,2,2,1,1,2,2,2,0
24,0,0,0,0,5,0,1,2,0,0,2,2,4,2,2,1,1,2,2,2,0
26,0,0,0,0,5,0,1,2,0,0,2,2,4,1,2,0,0,2,2,2,0
40,1,0,0,0,5,0,1,1,1,1,1,1,4,2,2,1,1,2,2,1,0
37,0,0,1,0,5,0,0,2,0,0,2,2,4,1,2,1,1,2,2,2,0
26,0,1,0,1,5,1,1,2,0,0,2,2,4,1,2,0,0,2,2,2,0
32,1,0,1,1,5,0,1,2,0,0,2,2,4,1,2,1,1,2,2,2,1
32,1,0,0,1,5,0,0,1,1,0,2,1,4,2,2,1,1,2,1,1,0
27,1,1,1,1,5,1,1,2,0,0,2,2,4,2,2,1,0,2,2,2,0
30,0,1,0,1,5,1,1,1,1,0,2,1,4,2,2,1,1,2,1,1,0
31,0,1,0,0,5,0,1,1,1,0,2,1,4,2,2,1,1,2,2,1,0
29,1,0,0,1,4,0,0,1,0,0,2,2,3,2,2,1,0,2,2,2,0
41,0,0,0,0,5,0,1,1,0,0,2,2,4,1,2,0,1,2,2,2,0
34,1,0,0,0,5,0,1,1,0,0,2,2,4,2,2,1,1,2,2,1,0
33,0,0,0,0,5,0,1,2,0,0,2,2,4,2,2,1,1,1,1,2,0
28,0,0,0,0,5,0,1,2,0,0,2,2,4,2,2,1,1,2,2,2,0
28,0,0,0,1,5,0,1,2,1,0,2,1,4,1,2,0,1,2,2,2,0
23,0,0,0,0,5,0,1,2,0,0,2,2,4,2,2,0,1,2,1,1,0
24,0,0,0,0,5,0,1,2,0,0,2,1,4,2,2,1,1,2,1,1,0
32,0,0,0,0,5,1,1,2,1,0,2,2,4,2,2,1,1,2,2,1,0
34,0,1,0,0,5,1,1,2,0,1,1,2,3,1,1,0,0,2,2,1,0
24,0,0,0,0,5,0,1,1,0,0,2,2,4,2,2,1,0,2,2,1,0
26,0,1,0,1,5,0,1,2,1,0,2,2,4,2,2,1,1,2,2,1,0
36,0,0,0,1,5,0,1,1,0,0,1,2,4,2,2,1,1,2,2,2,1
41,0,0,0,1,4,1,1,1,1,0,2,2,4,2,2,1,0,2,2,2,0
38,0,0,0,1,5,0,0,2,0,0,2,2,4,1,2,0,0,2,2,2,0
38,0,0,0,0,5,1,1,2,0,0,2,2,4,2,2,1,1,2,2,2,0
30,0,0,0,0,5,0,1,2,0,0,2,1,4,2,2,1,1,2,2,1,0
25,0,0,0,0,5,0,1,2,0,0,2,2,3,1,2,0,0,2,2,2,0
37,0,0,1,1,5,0,1,1,1,0,2,2,4,2,2,1,1,2,1,2,0
34,0,0,1,0,5,0,1,2,0,0,2,1,3,2,2,1,1,2,1,2,1
37,1,0,1,1,5,0,0,1,1,1,1,1,4,2,2,1,1,2,2,1,0
28,1,0,1,1,5,0,0,1,1,1,1,1,4,2,2,1,1,2,2,2,1
22,0,0,0,0,5,0,1,2,0,0,2,2,4,2,2,1,1,2,2,2,0
34,0,0,1,1,5,0,1,2,0,0,2,2,3,2,2,1,1,2,2,2,1
33,0,0,1,1,5,0,1,1,1,1,1,1,4,2,2,1,1,2,2,2,0
25,0,0,0,0,5,0,1,2,0,0,2,1,3,2,2,1,1,2,1,2,0
27,0,0,0,0,5,1,1,1,1,0,2,1,4,2,2,1,1,2,2,1,0
40,0,0,0,1,5,1,1,1,1,1,1,1,4,1,2,0,0,2,2,2,1
21,0,0,0,1,5,0,0,2,0,0,2,2,4,2,2,0,0,2,2,2,0
29,0,0,0,0,5,0,0,2,0,0,2,1,4,2,2,1,1,2,1,1,0
32,0,0,1,1,5,1,1,2,0,0,2,2,4,2,2,1,1,2,1,2,0
29,1,0,1,1,4,1,0,1,1,1,2,1,4,2,2,1,0,2,1,2,0
23,0,0,1,1,5,1,0,2,0,0,2,1,4,2,2,1,1,2,1,1,0
28,0,0,1,0,5,0,1,1,0,0,2,1,4,2,2,1,1,2,2,1,1
31,0,0,1,1,5,1,1,1,1,1,2,1,4,2,2,1,1,2,2,1,0
27,0,0,0,0,5,0,0,2,0,0,2,2,4,2,2,1,1,2,2,2,0
24,0,0,0,0,5,0,1,2,0,0,2,2,4,2,2,1,1,2,2,2,0
29,0,0,0,0,5,0,1,2,0,0,2,2,3,1,2,0,0,2,2,2,0
23,1,0,0,1,5,0,1,2,0,0,2,2,4,2,2,1,1,2,2,1,0
42,0,0,0,0,5,1,1,2,1,0,1,2,4,2,2,1,1,2,2,1,0
24,0,0,0,0,5,0,1,2,0,0,2,2,4,1,2,1,1,2,1,2,0
25,0,0,1,1,5,0,1,2,1,0,2,2,4,1,2,0,0,2,1,2,1
27,1,0,0,1,5,0,1,1,0,0,2,1,4,2,2,1,0,2,2,2,0
27,0,0,0,0,5,1,1,2,1,0,2,2,4,1,1,1,1,2,2,2,0
30,0,0,0,1,5,1,1,1,1,0,1,1,4,2,2,1,1,2,2,1,0
29,0,0,1,1,5,0,1,2,1,0,2,1,4,2,2,1,1,2,1,2,0
43,0,1,0,0,5,1,1,2,0,0,2,2,4,2,2,1,1,1,1,2,0
32,0,0,0,0,5,0,1,2,1,0,2,2,4,2,2,1,1,2,2,2,0
41,0,0,0,1,5,1,1,1,1,0,2,2,4,2,2,1,1,1,1,1,0
32,0,1,1,1,5,1,1,2,0,0,2,2,4,2,2,1,1,2,2,2,1
37,1,0,1,1,5,0,1,1,1,0,2,1,4,2,2,1,1,2,1,2,0
32,0,0,0,0,5,1,1,2,0,0,2,2,4,2,2,1,1,2,2,2,0
30,0,1,0,0,5,1,1,2,0,0,2,2,3,2,2,1,1,2,2,2,0
23,1,0,1,1,5,0,0,1,0,0,2,1,4,2,2,1,1,2,2,1,0
30,0,0,0,0,5,0,1,1,1,1,1,1,4,2,2,1,1,2,2,1,0
34,0,0,0,0,5,0,1,2,1,0,2,2,4,2,2,1,1,2,2,2,0
38,0,0,0,1,5,1,1,1,0,0,2,2,4,1,2,0,0,2,2,2,0
33,0,0,0,0,5,0,1,1,0,1,1,1,4,2,2,1,1,2,2,2,0
34,0,0,0,0,5,0,0,1,0,0,2,2,4,2,2,1,0,2,2,2,0
28,0,0,0,0,5,0,1,2,1,0,2,2,4,2,2,0,1,2,2,2,0
28,0,0,0,1,5,0,0,1,1,1,2,2,4,2,2,1,1,2,2,1,0
23,0,0,1,0,5,0,1,2,0,0,2,2,4,2,2,1,0,2,2,2,0
22,0,1,1,1,5,1,1,2,0,1,1,2,4,2,2,1,1,2,1,2,1
27,0,0,0,0,5,0,1,2,0,0,2,1,4,1,2,0,0,2,2,2,0
18,0,0,0,1,5,0,1,2,0,0,2,2,4,1,2,0,0,2,2,2,0
35,0,0,1,1,5,0,1,1,1,0,2,1,3,1,2,0,1,2,2,2,0
25,0,0,0,0,5,0,0,2,0,0,2,2,4,2,2,1,1,2,1,2,0
27,0,0,1,1,5,0,1,2,0,0,2,1,4,2,2,1,1,1,1,1,0
26,1,0,1,1,5,0,1,1,0,0,2,2,4,2,2,1,1,2,2,2,0
18,0,0,0,0,5,0,1,2,0,0,2,2,4,2,2,1,1,2,2,1,0
38,1,0,0,1,5,0,1,2,1,0,2,2,4,2,2,1,0,2,2,2,1
26,1,0,1,1,5,1,1,1,1,1,2,2,4,2,2,1,0,2,2,2,0
30,0,1,0,0,5,0,1,2,0,0,2,2,4,2,2,1,1,2,2,1,0
35,0,0,0,0,5,0,1,2,0,0,2,2,4,1,2,1,1,2,2,2,0
45,0,0,1,1,5,0,1,1,1,0,2,1,4,2,2,1,1,2,2,2,0
32,0,0,0,0,5,0,1,1,0,0,2,2,4,2,2,1,1,2,2,2,0
56,0,0,0,1,5,0,1,1,0,0,2,2,4,2,2,1,1,2,2,2,0
24,1,0,0,0,4,0,1,2,0,0,2,2,4,2,2,1,0,2,2,2,0
30,1,0,1,1,5,0,1,1,1,1,2,2,4,2,2,1,1,2,1,1,0
60,0,0,0,0,5,0,1,1,0,0,1,2,4,2,2,1,1,2,2,1,0
33,0,0,1,1,5,0,1,1,0,1,1,2,4,1,2,0,0,2,2,2,0
37,0,0,0,0,5,0,1,1,1,1,1,2,4,2,2,1,1,2,2,2,0
23,1,0,0,1,5,0,1,1,1,1,1,2,4,2,2,1,1,2,2,1,0
31,1,0,0,1,5,0,1,1,0,0,2,1,4,2,2,1,1,2,2,1,0
26,0,0,0,0,5,0,1,1,0,0,2,2,4,2,2,1,1,2,2,2,0
28,1,0,1,1,5,1,0,1,1,1,1,1,4,1,2,1,1,2,2,1,0
37,1,0,0,1,5,0,1,1,1,0,1,2,4,2,2,1,1,2,2,1,0
26,0,0,1,1,5,0,1,1,0,0,2,2,4,2,2,1,1,2,2,1,0
30,0,0,1,1,5,0,1,1,0,0,2,2,4,2,2,1,1,2,2,2,0
26,0,0,0,0,5,0,1,2,0,0,2,2,4,2,2,1,1,2,2,2,1
25,0,0,0,0,5,1,1,2,0,0,2,2,4,2,2,1,1,2,2,2,0
27,0,0,0,0,5,0,1,1,0,1,1,2,4,2,2,1,1,2,2,2,0
25,0,0,0,1,5,1,0,2,0,0,2,2,3,1,2,0,0,2,2,2,0
35,0,0,0,1,5,0,1,1,0,0,1,2,4,2,2,1,1,2,2,2,0
36,0,1,0,1,5,0,1,2,1,0,2,2,4,2,2,1,1,2,2,1,0
26,0,0,1,1,5,0,1,1,0,0,2,2,4,1,2,0,0,2,2,2,0
27,0,0,1,0,5,0,1,2,0,0,2,2,4,2,2,1,1,2,2,1,0
30,0,0,0,0,5,0,0,2,0,0,2,2,4,2,2,1,1,2,2,2,0
29,0,0,0,0,5,0,0,2,0,0,2,2,4,2,2,0,0,2,2,2,0
25,0,0,0,0,5,0,0,1,1,1,1,1,4,2,2,1,1,2,2,1,0
22,1,0,1,1,5,0,1,1,1,1,1,1,4,2,2,0,1,2,2,1,1
29,0,0,0,0,5,0,1,2,1,0,2,2,4,2,2,1,1,2,2,2,0
41,0,0,1,1,5,1,1,1,1,0,1,1,4,2,2,1,1,2,2,1,0
29,0,0,0,1,5,0,1,1,0,0,2,2,4,1,2,1,1,2,2,2,0
32,0,0,0,0,4,0,1,1,0,0,1,1,4,2,2,1,1,2,2,1,0
24,1,0,1,1,5,0,1,1,1,0,1,1,4,2,2,1,0,2,2,2,0
25,0,0,0,1,5,0,1,1,0,0,2,2,4,2,2,0,0,2,2,2,0
25,0,0,0,0,5,0,1,2,0,0,2,2,4,2,2,0,0,2,2,2,0
30,1,0,0,0,5,0,1,1,1,1,1,1,4,2,2,0,1,2,2,2,0
25,0,0,1,1,5,0,1,2,0,0,1,2,4,2,2,1,1,2,2,1,0
30,0,1,0,0,5,1,1,2,1,0,2,2,4,2,2,1,1,2,2,2,0
33,0,1,1,1,5,0,0,2,0,0,2,2,3,1,1,0,0,2,2,1,1
24,0,0,0,0,5,0,1,1,0,1,1,1,4,2,2,1,1,2,2,1,0
25,0,0,1,1,5,0,1,1,1,0,2,2,4,1,2,1,0,2,2,2,0
31,0,0,0,0,5,0,0,2,0,0,2,1,4,2,2,0,0,2,1,2,0
45,0,1,0,1,5,0,1,2,0,0,2,2,4,2,2,0,0,2,2,2,0
29,0,0,0,0,5,1,0,2,1,0,2,2,4,2,2,1,1,2,2,2,0
46,0,0,0,0,5,0,1,1,0,1,2,2,4,2,2,1,1,2,2,2,0
30,0,0,0,1,5,0,1,2,0,0,2,2,4,1,2,0,0,2,2,2,0
29,1,1,0,0,5,0,1,1,0,0,2,2,4,2,2,1,1,2,2,2,0
24,0,0,0,0,5,0,1,1,1,0,2,1,4,1,2,0,0,2,2,2,0
29,0,0,0,0,5,0,1,1,1,1,1,1,4,2,2,1,1,2,2,1,0
35,0,0,0,0,5,0,0,2,0,0,2,2,4,2,2,1,1,2,2,2,0
33,1,0,1,0,5,1,1,2,1,0,2,2,4,1,2,1,1,2,2,2,0
27,0,0,0,0,5,0,1,2,0,0,2,2,4,1,2,0,0,2,2,2,0
36,0,0,0,0,5,0,1,2,0,0,2,2,4,2,2,1,1,2,2,2,0
33,0,0,0,0,5,1,1,2,0,0,2,2,4,1,2,0,0,2,2,2,0
25,1,0,1,1,5,0,1,1,1,0,2,1,4,2,2,1,1,2,2,2,0
23,0,0,1,1,5,0,0,2,0,0,2,2,4,2,2,1,1,2,1,2,0
54,0,0,1,1,5,0,1,2,0,1,1,2,4,2,2,0,1,2,2,2,0
22,0,0,0,0,5,0,1,2,0,0,2,2,4,2,2,1,0,2,2,2,0
25,0,0,1,1,5,0,1,1,1,0,2,2,4,2,2,1,1,2,2,1,0
29,0,0,0,0,5,0,0,2,0,0,2,2,4,2,2,1,1,2,2,2,0
27,0,0,0,1,5,0,1,1,1,1,1,1,4,2,2,0,0,2,1,1,0
30,0,0,0,0,5,0,1,2,0,0,2,2,4,2,2,1,1,2,2,1,0
26,0,0,1,1,5,0,1,1,0,0,1,2,4,2,2,1,0,2,2,2,0
25,1,0,1,0,5,0,1,1,1,1,2,2,4,2,2,1,1,2,2,2,0
31,0,0,0,1,4,0,0,2,1,0,2,1,4,2,2,1,0,2,2,2,0
33,0,0,1,1,5,0,1,2,0,0,2,2,4,2,2,1,1,2,2,2,0
34,0,0,1,1,5,0,1,1,1,0,1,1,4,2,2,0,0,2,2,2,0
34,0,0,0,1,5,1,1,2,0,0,2,2,4,1,1,1,1,2,2,2,0
29,0,1,0,0,5,1,1,2,1,0,2,1,4,2,2,1,1,2,2,1,0
33,1,0,0,0,5,0,1,2,0,0,2,2,3,2,2,1,1,2,2,2,0
34,0,1,1,1,5,1,1,2,0,0,2,2,3,2,2,1,1,2,2,1,0
26,0,1,1,1,5,1,0,2,0,0,2,2,4,2,2,1,1,2,1,2,0
32,0,0,1,1,5,0,0,1,1,1,1,1,4,2,2,1,1,2,1,1,0
28,0,0,1,1,5,0,1,2,0,0,2,2,3,2,2,0,0,2,2,2,0
35,0,0,1,0,5,0,1,1,0,1,1,1,4,2,2,1,1,2,2,2,0
36,0,0,1,1,5,0,1,2,1,0,2,1,4,2,2,1,1,2,2,2,0
21,0,0,1,1,5,0,1,1,0,0,2,1,4,2,2,1,1,2,2,2,0
21,0,0,0,1,5,0,0,2,0,0,2,2,4,1,2,1,0,2,2,2,0
22,1,0,0,0,5,0,1,1,0,1,1,1,4,2,2,0,1,2,2,1,0
41,0,0,1,1,5,0,1,1,0,1,1,2,3,2,2,1,1,2,2,2,1
55,0,0,1,1,5,0,1,1,1,1,1,1,4,2,2,1,1,2,2,1,0
32,1,0,0,1,5,0,1,1,1,1,1,1,4,2,2,1,1,2,2,1,0
21,1,0,1,1,5,0,1,2,0,0,2,2,4,1,2,1,0,2,1,2,0
45,0,0,0,1,5,1,1,1,1,0,2,2,4,2,2,0,1,2,2,2,0
27,1,0,0,1,5,0,1,1,1,0,2,1,4,1,2,0,0,2,2,2,0
25,1,0,1,1,5,1,1,2,0,0,2,2,4,2,2,1,1,2,2,1,0
34,0,0,1,1,5,0,0,1,1,1,1,1,4,2,2,1,1,2,2,1,0
26,1,0,1,1,5,0,1,1,1,0,1,1,4,2,2,0,0,2,2,2,0
41,0,0,0,1,4,0,1,1,0,0,2,2,4,2,2,1,1,2,2,2,0
27,0,0,0,1,5,0,1,1,0,1,1,1,4,2,2,1,1,2,2,1,0
31,0,0,1,1,5,1,1,1,0,0,2,2,4,2,2,1,1,2,2,2,0
25,0,0,1,1,5,1,1,2,0,0,2,1,4,2,2,1,1,2,1,2,0
26,0,0,0,1,5,0,1,2,0,0,2,2,4,1,1,1,0,2,2,2,0
27,1,0,1,1,5,1,1,1,1,0,2,2,4,2,2,0,1,2,2,2,0
42,0,0,0,0,4,0,1,2,0,0,2,2,4,2,2,1,1,2,2,2,0
29,0,1,1,1,5,1,1,1,1,0,2,2,4,1,2,1,0,2,2,2,0
25,1,0,0,1,5,0,1,2,0,0,2,2,3,1,2,1,0,2,2,2,0
33,1,0,1,1,5,0,1,1,1,0,1,1,4,2,2,1,0,2,1,2,0
40,1,0,1,1,5,0,0,1,0,0,2,2,4,2,2,0,0,2,2,2,0
31,0,0,0,0,5,0,1,2,0,0,2,2,4,1,2,1,0,2,2,2,0
26,0,0,1,1,5,1,1,2,0,0,2,2,4,2,2,1,1,2,2,1,0
24,1,0,1,0,4,0,0,2,0,0,2,2,4,1,2,0,0,2,2,2,1
29,0,0,0,0,5,0,0,1,0,0,2,2,4,2,2,1,1,2,2,2,0
48,0,0,0,0,5,0,1,2,0,0,2,2,4,2,2,0,0,2,2,2,0
35,0,0,0,0,5,0,1,2,0,0,2,2,4,2,2,1,1,2,2,2,1
32,1,0,0,0,5,0,1,2,0,0,2,2,4,2,2,0,1,2,2,2,0
29,0,0,0,1,5,0,1,2,0,0,2,1,4,2,2,1,1,2,2,1,0
26,0,0,1,1,5,0,1,1,1,0,2,2,3,2,2,1,1,2,2,2,0
28,0,0,1,1,5,0,1,1,1,0,2,2,4,2,2,1,0,2,2,2,0
23,0,0,0,0,5,0,1,2,0,0,2,2,4,2,2,1,1,2,2,2,0
35,0,0,1,1,5,0,1,1,1,0,2,2,4,2,2,1,1,2,2,2,1
29,0,0,1,1,5,0,1,2,0,0,2,2,4,2,2,1,1,2,2,2,0
26,0,0,1,0,5,0,1,1,1,0,1,1,4,2,2,1,1,2,2,2,0
33,0,0,1,1,5,1,1,1,1,1,1,2,4,1,2,1,1,2,2,1,0
33,0,0,0,0,5,1,1,2,0,0,2,2,4,1,2,1,0,2,2,1,0
22,0,1,0,0,5,1,1,2,0,0,2,2,4,2,2,1,1,2,2,2,0
30,1,0,1,0,4,0,1,2,0,0,2,2,4,1,2,0,0,2,2,2,0
33,0,0,1,1,5,1,1,1,1,0,2,2,4,1,2,0,0,2,2,2,0
31,1,0,1,1,5,0,0,2,0,0,2,2,4,1,2,0,0,2,2,2,0
21,0,0,1,0,5,0,1,2,0,0,2,2,4,2,2,1,1,2,2,2,1
31,0,0,1,1,5,0,1,2,0,0,2,2,4,1,2,0,0,2,1,1,0
26,1,0,0,1,5,1,1,2,0,0,2,2,3,2,2,1,1,2,2,1,0
30,0,0,1,0,5,0,1,2,0,0,2,2,4,2,2,1,1,2,2,2,0
30,1,0,1,1,5,0,1,2,0,0,2,2,3,2,2,1,1,2,2,2,0
23,0,0,0,0,5,0,1,2,0,0,2,2,4,2,2,1,1,2,2,2,0
34,0,0,0,0,5,0,1,2,0,0,2,2,4,2,2,1,1,2,2,2,0
55,0,0,1,1,5,1,1,2,1,0,2,2,4,1,2,0,0,2,2,2,1
28,0,0,1,1,5,1,1,1,0,0,2,1,4,2,2,1,1,2,2,1,0
26,0,0,0,0,5,1,1,2,0,0,2,2,4,2,2,1,0,2,1,2,0
28,0,0,1,1,5,1,1,1,1,1,2,2,4,2,2,1,1,1,1,1,0
32,0,0,1,1,5,0,1,2,0,0,2,2,4,2,2,1,1,2,2,2,0
28,1,0,0,1,5,0,0,1,1,0,2,2,4,2,2,0,0,2,2,2,0
21,0,0,0,0,5,0,0,2,0,0,1,1,4,2,2,1,1,2,2,1,0
24,0,0,1,1,5,0,1,2,1,0,2,2,3,1,2,1,1,2,2,2,1
26,1,0,0,0,5,0,0,1,0,1,2,2,4,2,2,1,0,2,2,2,0
23,0,0,0,0,5,0,0,1,0,0,2,2,4,2,2,1,0,2,1,2,0
24,1,0,0,0,5,0,1,1,1,1,1,1,4,2,2,1,1,1,1,1,0
28,0,1,0,0,5,1,1,2,0,0,2,2,4,2,2,1,1,2,2,1,0
24,1,0,1,1,5,0,1,2,0,0,2,2,4,1,2,0,1,2,1,1,0
33,0,1,0,1,5,1,1,2,0,0,2,1,4,1,2,1,1,1,1,2,0
34,0,0,0,0,5,0,1,2,0,0,2,2,4,2,2,1,1,2,2,2,0
27,1,0,0,1,5,0,1,2,0,0,2,2,3,2,2,1,1,2,2,2,0
28,0,0,0,0,5,0,1,2,0,0,2,2,4,2,2,1,1,2,2,2,0
26,0,0,0,0,5,0,1,2,0,0,2,2,4,2,2,1,1,2,2,2,1
20,0,0,0,0,5,1,1,2,0,0,2,1,4,2,2,1,1,2,2,2,0
23,1,0,0,1,5,0,1,1,1,0,2,2,4,2,2,1,0,2,2,2,0
29,0,0,1,1,5,1,1,1,1,1,1,1,4,2,2,1,1,2,2,1,0
26,0,0,1,0,5,0,1,2,0,0,2,2,4,2,2,0,0,2,2,2,0
36,0,0,0,0,5,1,1,1,0,1,2,2,4,2,2,0,0,2,2,2,0
41,0,0,0,1,5,0,1,1,1,1,1,1,4,2,2,1,1,2,1,1,1
33,1,0,0,0,5,1,1,1,0,0,2,2,4,2,2,1,1,2,2,1,0
23,0,0,1,1,5,0,1,1,1,0,2,1,4,2,2,1,1,2,2,1,0
39,0,0,1,0,5,0,1,1,0,0,2,2,4,1,2,1,1,2,2,2,1
34,0,0,1,0,5,0,1,1,0,0,2,2,4,2,2,1,1,2,2,2,1
26,1,0,0,1,5,0,1,1,1,0,2,2,3,1,2,1,1,2,2,2,1
24,0,0,0,1,5,0,1,1,1,1,2,2,4,2,2,1,1,2,2,2,0
37,0,0,1,1,5,0,0,1,1,1,1,2,4,2,2,1,1,2,2,2,0
43,0,1,1,1,5,1,1,1,1,0,2,1,4,2,2,1,1,2,2,1,0
40,0,0,1,0,5,0,1,1,1,1,2,1,4,1,2,0,1,2,2,1,0
30,0,0,1,1,5,0,1,1,1,1,2,2,4,1,2,1,0,2,2,2,1
34,0,0,0,1,5,0,1,2,0,0,2,2,4,1,1,1,0,2,2,2,0
27,0,0,1,1,5,0,1,2,0,0,2,2,4,1,2,0,0,2,1,2,0
36,0,0,0,0,5,0,1,2,0,0,2,1,4,2,2,1,1,2,1,2,0
27,0,0,0,0,5,0,1,2,1,0,2,2,4,2,2,1,1,2,2,2,0
35,0,0,1,0,5,0,1,1,0,0,2,1,4,1,2,0,0,2,2,2,0
32,0,0,0,0,5,0,1,2,0,0,2,2,4,2,2,1,0,2,1,1,0
37,0,0,0,0,4,0,1,1,0,0,2,2,4,2,2,1,1,2,2,2,0
29,0,0,0,0,5,0,1,2,0,0,2,2,4,2,2,1,1,2,2,1,0
33,1,0,0,0,4,0,1,1,0,1,1,2,4,2,2,1,1,2,2,1,0
28,0,0,0,0,5,1,1,2,1,0,2,2,4,1,2,1,0,2,2,2,0
26,1,0,1,0,5,0,1,2,0,0,2,2,3,2,2,1,0,2,2,2,0
27,0,0,1,1,5,1,1,2,0,1,2,2,4,1,2,1,1,2,2,1,0
38,0,1,0,1,5,1,1,2,0,0,2,1,4,2,2,1,1,2,2,1,0
57,0,0,1,1,5,0,1,1,1,0,2,2,4,2,2,1,1,2,2,2,0
28,0,0,0,1,5,0,1,2,0,0,2,2,4,1,2,0,1,2,2,2,0
26,0,0,0,0,5,0,1,2,1,0,2,2,4,2,2,1,1,2,2,2,0
42,1,0,0,1,5,1,1,1,1,0,2,1,4,1,2,1,0,2,2,2,0
31,0,0,0,1,5,1,1,1,1,1,1,1,4,2,2,1,1,2,2,1,0
58,0,0,0,1,5,0,1,1,1,1,1,1,4,2,2,1,1,2,1,1,0
29,0,0,0,0,5,0,1,2,0,0,2,2,4,1,2,0,0,2,2,2,0
39,1,0,0,1,5,0,1,1,1,0,1,2,4,1,2,1,1,2,2,2,1
34,0,0,0,0,5,1,1,2,0,0,2,2,4,2,2,1,1,2,2,2,0
57,0,0,0,1,5,0,1,1,0,1,1,2,4,2,2,0,0,2,2,2,0
27,0,0,1,1,5,0,1,2,0,0,2,2,3,1,2,1,0,2,2,2,1
23,0,1,1,1,5,1,1,2,0,0,2,2,4,2,2,1,1,2,1,2,0
18,0,0,0,0,4,1,0,2,0,0,2,2,4,1,2,0,0,2,2,2,0
30,1,0,0,0,5,0,1,2,0,0,2,2,4,2,2,1,1,2,2,2,0
23,0,0,0,0,5,0,0,2,0,0,2,2,4,2,2,1,1,2,1,1,0
43,0,0,0,1,5,0,1,1,1,1,1,1,4,1,2,0,0,2,1,2,0
18,1,0,1,1,5,1,1,2,0,0,2,2,4,2,2,1,1,2,2,2,0
29,0,0,0,1,5,0,1,1,1,0,2,2,4,2,2,1,0,2,2,2,0
48,0,0,0,0,5,0,1,2,0,0,2,2,4,2,2,0,0,2,2,2,0
43,0,0,0,1,5,0,0,2,1,0,2,2,4,2,2,1,1,2,1,2,1
28,1,0,1,1,5,0,1,2,0,0,2,2,4,1,2,1,0,2,2,2,0
30,0,1,1,1,5,1,1,2,1,0,2,1,4,2,2,1,1,2,2,1,0
26,0,0,0,0,5,0,1,2,0,0,2,1,4,2,2,1,1,2,2,1,0
33,0,0,0,0,5,0,0,2,0,0,2,2,4,2,2,1,1,2,2,2,0
31,0,0,0,0,5,0,1,1,0,0,2,1,4,2,2,0,1,2,2,1,0
30,0,0,0,0,5,0,0,2,0,0,2,2,4,2,2,1,1,2,2,2,0
27,0,0,0,0,5,0,1,2,0,0,2,2,3,1,2,1,0,2,2,2,1
24,1,1,1,1,5,1,1,2,0,0,2,2,4,2,2,1,1,2,2,2,1
25,0,0,0,0,5,0,1,2,0,0,2,2,4,2,2,1,0,2,2,2,0
23,1,0,1,1,5,0,1,1,0,0,2,2,4,2,2,1,1,2,2,1,1
36,0,0,0,1,5,0,0,1,0,0,2,2,3,1,2,1,0,2,2,2,1
25,1,1,1,1,5,1,1,2,0,0,2,1,3,1,2,1,0,2,2,2,1
54,0,0,0,1,5,1,0,2,1,1,1,1,4,2,2,1,1,2,2,2,0
34,0,0,0,0,5,0,1,2,0,0,2,2,4,2,2,1,1,2,2,1,0
38,1,0,0,1,5,0,1,1,1,0,2,1,4,2,2,0,0,2,2,2,0
40,0,1,1,0,5,0,1,2,0,0,2,2,4,1,2,1,0,2,2,2,1
32,0,0,0,0,5,0,1,2,0,0,2,2,4,2,2,0,1,2,2,2,0
25,0,0,0,0,5,0,0,2,0,0,1,2,4,2,2,1,1,2,1,2,0
35,1,0,0,1,5,0,1,2,1,0,2,2,4,1,2,0,0,2,2,2,0
46,0,0,0,1,5,0,1,1,1,1,1,2,4,2,2,1,0,2,2,1,0
42,0,0,0,0,5,0,0,1,0,1,2,2,4,2,2,1,1,2,1,2,0
32,0,0,1,1,5,1,1,1,0,0,2,2,4,2,2,1,1,2,2,1,0
47,0,0,1,1,5,0,1,1,1,1,1,2,4,2,2,1,1,2,1,1,0
22,0,0,0,0,5,0,1,1,0,1,2,1,4,2,2,1,1,2,2,1,0
33,1,0,0,1,4,1,1,1,1,1,1,2,4,2,2,1,1,2,2,2,0
25,1,0,0,0,5,0,1,2,0,0,2,2,4,2,2,1,0,2,2,1,0
29,0,0,0,0,5,0,1,2,0,0,2,2,4,2,2,0,0,2,2,2,0
39,0,0,0,0,5,0,1,1,1,1,1,1,4,2,2,1,1,2,2,1,0
38,0,0,1,1,5,0,1,1,0,1,1,1,4,1,2,0,0,2,2,2,0
43,0,0,0,0,5,1,1,2,0,0,2,2,4,2,2,1,0,2,2,2,0
46,0,0,0,1,4,1,1,1,0,1,1,1,4,2,2,1,1,2,2,1,0
38,1,0,1,1,5,0,0,1,1,1,1,1,4,2,2,1,1,2,2,2,1
33,0,0,0,1,5,0,1,1,1,0,2,1,4,1,1,1,1,2,2,2,0
34,0,0,1,1,5,0,1,2,1,0,2,1,4,2,2,1,1,2,2,2,0
62,0,0,0,0,5,0,1,1,1,0,1,2,4,2,2,1,1,2,2,1,0
23,1,0,0,0,5,0,0,2,0,0,2,1,4,2,2,1,1,2,2,2,0
35,0,0,0,0,5,0,0,2,0,0,2,2,4,2,2,0,0,2,2,2,0
25,0,0,1,0,5,1,1,2,0,0,2,2,4,2,1,0,0,2,2,2,1
36,0,1,1,1,5,1,1,2,1,0,2,1,3,2,2,1,1,2,1,1,0
41,1,0,1,1,4,1,1,1,1,1,1,1,4,2,2,1,1,2,2,1,0
24,0,1,0,0,5,0,1,1,1,0,2,1,4,2,2,1,1,2,2,1,0
51,0,0,0,1,5,1,1,2,1,1,2,2,3,1,1,0,0,2,2,2,1
29,0,0,0,1,5,0,1,1,1,0,1,1,4,2,2,0,1,2,2,1,0
31,1,1,1,1,5,1,1,2,0,0,2,2,4,2,2,1,1,2,2,1,0
27,0,0,0,0,5,0,1,2,0,0,2,2,4,2,2,1,1,2,1,2,0
31,0,0,0,1,5,0,1,1,1,1,1,2,4,2,2,1,1,1,1,2,0
27,1,1,1,0,5,1,1,2,0,0,2,2,4,1,2,0,0,2,2,2,0
23,0,0,0,0,5,0,1,2,0,0,2,2,4,2,2,1,1,2,2,1,0
21,0,0,0,0,5,0,1,2,0,0,2,2,4,1,2,0,0,2,2,2,0
27,1,0,1,1,5,0,1,2,1,0,2,2,3,1,2,1,1,2,2,2,0
39,0,0,1,1,5,1,1,1,1,1,1,2,4,1,2,1,1,2,2,2,0
26,0,0,1,1,5,0,1,2,0,0,2,2,4,2,2,0,0,2,2,2,0
27,0,0,0,0,5,0,1,2,0,0,2,2,4,2,2,1,1,2,2,2,0
22,1,0,1,1,4,0,1,1,1,0,2,2,4,2,2,1,1,2,2,2,1
26,1,0,1,1,5,0,0,2,0,0,2,2,3,2,2,0,0,2,2,2,0
31,1,0,1,1,5,0,1,1,1,0,2,1,4,2,2,1,1,2,2,1,0
32,0,0,0,0,5,0,1,2,0,0,2,2,4,2,2,1,1,1,1,1,0
28,1,0,1,1,5,1,1,1,0,0,2,2,4,1,1,1,1,2,2,2,1
28,0,0,1,1,5,0,1,2,0,0,2,1,3,1,1,1,1,1,2,2,1
23,1,0,0,0,5,0,1,2,0,0,2,2,4,2,2,0,1,2,1,1,0
30,0,0,0,0,5,1,1,2,0,0,2,2,4,2,2,1,1,2,2,1,0
36,0,0,1,1,5,0,1,1,0,0,1,2,3,1,2,1,1,2,1,2,0
21,0,0,1,0,5,0,1,1,1,1,1,1,4,2,2,1,1,2,2,1,0
30,0,0,0,0,5,0,1,2,0,0,2,2,4,2,2,1,1,2,1,2,0
25,0,0,1,0,4,0,0,2,0,0,2,2,4,2,2,1,1,2,2,2,0
32,0,0,0,1,5,0,1,2,0,0,2,2,4,2,2,1,1,2,1,2,0
29,1,0,0,1,5,0,1,2,0,0,2,2,4,2,2,1,1,2,2,1,0
21,0,0,0,1,5,0,1,2,1,1,2,1,4,2,2,1,1,2,2,1,0
27,1,0,1,1,5,1,1,2,0,0,2,2,4,2,2,1,1,2,1,2,0
32,1,0,0,1,5,0,0,2,0,0,2,2,4,2,2,1,1,2,2,2,0
34,0,0,0,0,5,0,1,1,1,1,1,1,4,2,2,1,1,2,2,1,0
33,0,0,0,0,5,0,1,2,0,0,2,2,4,1,2,1,0,2,2,2,0
22,0,0,1,1,5,1,1,2,0,0,2,2,4,2,2,1,1,2,1,1,0
24,0,0,0,0,5,0,1,2,0,0,2,2,4,2,2,1,1,2,2,1,0
65,0,1,0,0,5,1,0,2,0,0,2,2,4,2,2,1,0,2,2,1,0
27,0,0,1,1,5,1,1,2,0,0,2,2,4,2,2,1,0,2,2,1,0
33,0,0,0,0,5,0,1,2,0,0,2,1,4,2,2,1,1,2,1,1,0
36,0,0,0,1,5,0,1,2,0,0,2,2,4,2,2,1,1,2,2,2,0
40,0,0,0,0,5,0,1,2,0,0,2,2,3,2,2,1,1,2,2,2,0
28,0,0,0,1,5,0,1,1,1,0,2,1,3,2,2,1,0,2,2,2,0
39,0,0,0,1,4,0,1,1,0,1,2,1,4,1,2,1,1,2,2,2,0
32,0,0,0,1,5,0,1,1,0,0,1,2,4,2,2,1,1,2,1,2,0
31,0,0,1,0,5,0,1,1,0,0,2,2,4,2,2,0,1,2,1,2,0
38,0,0,1,1,5,0,1,2,0,0,2,2,4,2,2,1,0,2,2,2,0
23,0,0,1,1,5,0,1,2,1,0,2,2,4,2,2,1,1,2,2,1,0
42,0,0,0,1,5,0,1,1,1,1,1,1,4,2,2,1,1,2,2,2,0
27,1,0,0,0,4,0,1,2,0,0,1,2,4,2,2,1,1,2,2,1,0
26,1,0,1,1,5,0,1,1,1,0,2,1,3,2,2,1,1,2,2,2,1
50,0,0,0,0,5,1,1,2,1,0,2,2,4,2,2,0,0,2,2,2,0
37,0,0,1,0,5,0,1,2,0,0,2,2,4,2,2,1,1,2,2,1,0
23,0,0,0,0,5,0,1,2,0,0,2,2,4,2,2,1,1,2,2,2,0
33,0,0,1,0,5,1,1,2,0,0,2,1,4,2,2,1,1,2,2,1,0
29,0,1,0,0,5,1,1,1,1,0,2,1,4,1,2,1,0,2,1,2,0
34,0,0,1,1,5,1,0,1,0,0,2,2,4,2,2,1,1,2,2,2,0
41,0,0,1,1,5,0,1,1,0,0,2,2,4,2,2,1,1,2,2,2,1
50,0,0,1,0,5,1,1,2,0,0,2,2,4,2,2,1,1,2,2,2,0
29,0,0,0,1,5,0,0,1,0,1,1,1,3,2,2,1,0,2,2,2,1
35,0,0,0,0,5,0,1,2,1,0,2,1,4,2,2,1,1,2,2,1,0
27,0,0,0,0,5,1,1,2,0,0,2,1,4,1,2,1,1,2,2,2,0
40,1,0,0,0,5,0,0,2,0,0,2,2,4,2,2,1,1,2,2,2,0
27,0,0,0,1,5,1,1,2,0,0,2,2,4,2,2,1,0,2,2,2,1
29,1,0,0,0,5,0,1,1,1,1,2,1,4,2,2,1,1,2,2,2,1
31,0,0,1,1,5,0,1,2,0,0,2,2,4,2,2,1,1,2,2,2,0
43,0,0,0,1,5,0,1,2,1,0,2,2,4,2,2,1,1,2,2,2,0
34,0,0,1,1,5,1,1,1,1,0,2,2,4,2,2,1,1,2,1,2,1
29,0,0,1,1,5,0,1,2,0,0,2,2,3,1,2,1,1,2,2,2,0
19,0,0,1,1,5,0,1,2,0,0,2,2,4,2,2,1,0,2,2,2,0
41,0,0,1,1,5,0,1,1,0,1,1,2,4,2,2,1,1,2,2,2,0
29,0,0,1,0,5,0,1,1,1,1,1,2,4,2,2,1,1,2,2,1,0
23,0,0,0,0,5,0,1,1,0,0,2,2,4,2,2,1,1,2,2,1,0
24,1,0,1,1,5,0,1,1,0,0,2,2,3,1,2,0,0,2,2,2,1
31,0,0,0,0,5,1,1,2,0,0,2,2,4,1,2,0,0,2,2,2,0
43,0,0,0,0,4,1,1,2,0,0,2,2,4,2,2,1,1,2,2,1,0
31,0,0,1,1,5,0,1,2,0,0,2,2,3,1,1,1,0,2,2,2,1
29,0,0,1,0,5,0,1,1,1,1,1,2,4,2,2,1,1,2,2,2,0
35,0,1,1,0,5,1,1,2,0,1,1,2,4,2,2,1,1,2,2,1,0
33,0,0,1,1,5,0,0,1,0,0,2,1,3,1,1,0,0,2,2,2,0
30,0,1,1,1,5,1,0,2,1,0,1,1,3,2,2,1,1,2,2,1,0
27,0,0,0,0,5,0,1,1,0,0,2,1,4,2,2,0,0,2,2,2,0
32,0,0,0,0,5,0,1,2,1,0,2,2,4,2,2,1,1,2,2,2,0
50,0,0,0,0,5,1,1,2,0,0,2,2,4,1,2,1,1,2,2,2,0
24,0,0,0,0,5,0,0,2,0,0,2,2,4,2,1,1,0,2,2,2,0
27,0,0,0,0,5,0,1,2,0,0,2,2,4,2,2,1,1,2,2,1,0
27,0,0,0,0,5,1,1,2,0,0,2,2,4,1,2,0,0,2,2,2,0
32,0,0,0,1,5,0,1,2,1,0,2,1,4,2,2,1,1,2,2,1,0
42,0,1,0,0,5,1,0,2,1,0,2,2,4,2,2,1,1,2,2,1,0
37,0,0,0,0,5,0,0,2,0,0,2,2,4,2,2,1,0,2,2,2,0
30,0,0,0,0,5,0,1,2,0,0,2,2,4,2,2,1,0,2,1,2,1
29,0,0,0,0,5,0,1,1,0,0,2,2,4,1,2,1,0,2,2,2,0
30,0,1,0,1,5,1,1,2,0,0,1,2,3,2,2,1,1,2,2,1,0
35,0,0,0,0,5,0,1,1,0,1,2,2,4,2,2,1,1,2,2,1,0
35,0,0,1,1,5,1,0,1,1,0,2,1,4,1,2,1,0,2,2,2,0
38,0,0,1,0,5,1,1,2,0,0,2,2,4,2,2,1,1,2,2,2,0
22,0,0,1,1,5,0,1,1,1,0,2,1,4,2,2,1,1,2,1,1,0
24,0,0,1,0,5,0,1,2,0,0,2,2,4,2,2,1,1,2,2,2,0
22,0,1,0,0,5,0,1,2,0,0,2,2,4,2,2,1,1,2,1,2,1
31,1,0,0,1,5,1,1,1,1,0,2,2,4,2,2,1,1,2,1,2,0
23,1,0,1,1,5,0,1,1,1,1,1,1,4,1,2,0,0,2,2,2,0
31,1,0,1,1,5,0,1,2,0,0,2,2,4,2,2,1,1,2,2,2,0
28,1,0,1,1,4,0,1,1,1,1,1,2,3,2,2,0,1,2,2,2,0
37,0,0,1,1,5,0,0,1,1,0,2,2,3,1,2,1,1,2,2,2,0
34,0,1,1,1,5,0,1,2,1,0,2,1,4,2,2,1,1,2,2,2,0
32,0,0,0,0,5,1,1,2,1,0,2,1,4,1,2,1,0,2,2,2,1
28,0,0,1,1,5,1,1,1,0,0,2,2,4,1,2,1,1,2,2,2,1
24,1,0,0,1,5,0,1,2,0,0,2,2,4,2,2,0,1,2,2,2,0
56,0,0,1,1,5,0,1,1,1,0,2,2,4,1,2,1,1,2,2,2,0
31,0,0,0,0,5,1,1,2,0,0,2,2,4,2,2,1,1,2,2,1,0
34,1,0,0,1,5,1,1,1,1,0,2,2,4,2,2,1,1,2,2,1,0
35,0,0,0,1,5,0,0,2,0,1,2,2,4,2,2,1,1,2,2,1,0
28,0,0,0,0,5,0,1,2,0,0,2,2,4,2,2,1,1,1,1,2,0
36,0,1,1,1,5,0,1,2,0,0,2,2,4,2,2,1,1,2,2,1,1
30,0,0,0,1,5,0,1,2,0,0,2,1,4,2,2,1,1,2,2,1,0
35,0,1,0,0,5,1,1,1,0,0,2,1,4,2,2,1,1,2,2,1,0
49,0,1,1,1,5,1,1,2,1,1,2,2,3,1,1,0,0,2,2,2,1
36,0,0,0,0,5,0,1,1,1,0,2,1,4,2,2,1,1,2,2,1,0
35,0,0,0,0,5,0,1,2,0,0,2,2,4,2,2,1,1,2,2,2,0
29,1,0,1,1,5,0,0,1,1,1,1,2,3,1,2,1,1,2,2,2,1
57,0,0,0,0,5,0,1,1,1,0,1,1,3,1,2,0,0,2,2,2,1
31,1,0,1,1,5,0,0,1,0,0,2,2,4,2,2,1,0,2,2,2,1
37,0,1,0,0,5,0,1,2,0,0,2,2,4,1,2,0,0,2,2,2,0
25,0,0,1,1,5,0,1,2,0,0,2,2,4,2,2,1,1,2,2,2,0
30,0,0,0,0,5,0,1,2,0,0,2,2,4,2,2,1,1,2,2,2,0
26,1,0,1,0,5,0,0,2,1,1,1,2,4,2,2,1,1,2,2,2,0
22,1,0,0,0,5,0,1,2,0,0,2,2,4,2,2,0,1,2,1,2,0
39,0,0,0,0,5,1,0,2,0,1,1,2,4,2,2,1,1,2,2,2,0
29,0,0,1,1,5,0,1,2,0,0,2,2,4,2,2,0,0,2,2,2,0
54,0,1,1,1,5,1,1,2,0,0,2,2,4,2,2,1,1,1,1,2,1
34,1,0,1,0,4,0,0,2,0,1,1,2,4,1,2,0,0,2,2,2,1
32,0,0,0,1,4,0,0,1,0,1,1,2,4,2,2,0,0,2,2,1,0
25,0,0,0,0,5,0,1,2,0,0,2,2,4,2,2,1,1,2,1,2,0
29,0,0,0,0,5,0,1,2,0,0,2,2,3,2,2,1,0,2,2,1,0
32,0,1,0,0,5,1,1,2,0,0,2,2,4,2,2,1,1,2,2,2,0
30,0,0,1,1,5,0,1,1,1,0,2,1,4,2,2,1,1,2,1,1,0
31,0,0,0,0,5,0,1,2,0,0,2,2,4,2,2,1,1,2,2,2,0
20,1,0,0,0,5,0,1,1,1,1,1,1,4,2,2,1,1,2,2,1,0
27,0,0,0,0,5,0,1,2,0,0,2,2,4,2,2,1,1,2,2,2,0
32,0,0,0,0,5,0,1,2,0,0,2,2,4,2,2,1,1,2,2,2,0
26,0,1,0,0,5,1,1,2,0,0,2,2,3,2,2,1,1,2,2,1,0
30,0,0,0,0,5,0,0,2,0,0,2,1,4,2,2,1,1,2,2,2,0
30,0,0,0,1,5,1,1,2,0,0,2,2,4,2,2,1,0,2,2,2,0
22,0,1,0,0,5,1,1,2,0,0,2,2,4,2,2,1,1,2,2,1,1
24,0,0,0,0,5,0,1,2,0,0,2,2,4,2,2,0,0,2,2,2,0
26,0,0,0,0,5,0,1,2,0,0,2,2,4,2,2,0,0,2,2,2,0
43,0,0,0,0,5,0,1,2,0,0,2,2,4,2,2,1,1,2,2,2,0
26,0,0,0,0,5,0,1,2,0,0,2,2,3,2,2,1,0,2,2,2,0
23,0,0,1,0,5,0,1,2,0,0,2,2,4,2,2,0,0,2,2,2,0
26,0,0,0,0,5,1,1,1,0,0,1,2,4,2,2,1,1,2,2,1,0
26,1,0,1,0,5,0,1,2,0,0,2,2,4,2,2,1,0,2,2,1,0
35,0,0,1,0,5,0,1,2,0,0,2,2,4,2,2,1,1,2,2,2,0
28,0,0,0,1,5,1,0,2,0,0,2,2,4,2,2,1,1,2,2,2,0
22,0,0,0,0,5,0,1,2,0,0,2,2,4,2,2,1,1,2,2,2,0
29,1,0,1,1,5,0,1,2,0,0,2,2,4,1,2,0,0,2,2,2,0
29,0,1,0,0,5,0,1,2,1,0,2,1,4,2,2,1,1,1,1,1,0
45,0,0,0,1,5,1,1,1,0,0,1,2,4,2,2,1,1,2,2,1,0
33,0,0,0,1,5,1,1,2,0,0,2,2,4,2,2,1,1,2,2,2,1
38,0,0,0,1,5,0,0,1,1,1,1,2,4,2,2,1,1,2,2,2,0
19,0,0,1,1,5,0,0,2,0,0,2,2,3,2,2,0,0,2,2,2,0
29,1,0,0,1,5,1,0,1,1,1,2,1,4,2,2,0,1,2,2,2,0
21,1,0,0,0,5,0,1,2,0,0,2,2,4,1,2,1,0,2,2,2,0
23,1,0,1,1,5,0,1,2,0,0,2,2,4,1,2,0,0,2,2,2,0
33,1,0,1,1,5,0,1,1,1,1,1,1,4,2,2,1,1,2,2,1,0
49,0,0,1,1,5,0,1,1,0,1,1,1,4,2,2,1,1,2,2,1,0
28,0,0,0,0,5,1,1,2,0,0,2,2,4,2,2,1,0,2,2,2,0
27,1,0,0,1,5,1,1,2,0,1,2,1,4,2,2,1,1,2,2,1,0
23,0,0,0,1,5,0,1,1,0,0,2,2,4,2,2,1,1,2,2,2,0
29,0,0,0,0,5,1,1,2,0,0,2,1,4,2,2,1,1,2,2,1,0
30,0,0,0,0,5,0,1,2,0,0,2,1,4,2,2,1,0,2,2,2,0
28,1,0,0,0,5,0,1,1,0,0,2,2,4,2,2,1,1,2,2,2,0
32,0,0,0,0,5,0,1,2,0,0,2,2,4,1,2,0,0,2,1,2,0
32,0,0,0,1,5,0,0,1,1,0,2,1,4,2,2,0,1,2,2,1,0
37,0,0,0,0,5,0,1,2,0,0,2,2,4,2,2,1,1,2,2,2,0
39,1,0,0,0,5,1,0,2,1,0,2,2,4,1,2,0,0,2,2,2,0
31,0,0,0,0,4,0,1,2,0,0,2,2,4,2,2,1,0,2,2,1,0
29,0,0,0,0,5,0,1,2,0,0,2,2,3,2,2,1,0,2,2,2,0
30,0,0,0,0,5,0,0,1,0,0,2,2,4,2,2,1,1,2,2,2,0
33,0,1,1,1,5,1,1,2,1,1,1,2,4,2,2,1,1,2,2,1,1
37,0,0,1,1,5,0,1,1,1,0,2,1,4,2,2,1,1,2,2,2,0
23,0,0,0,1,5,0,0,1,1,1,2,1,4,2,2,1,1,2,2,1,0
43,0,0,1,1,5,0,0,1,0,0,1,2,4,1,2,0,0,2,2,2,0
32,0,0,0,1,5,0,1,2,0,0,2,2,4,2,2,1,1,2,2,2,1
26,0,0,0,0,5,0,1,2,0,0,2,2,4,1,1,1,0,2,2,2,0
32,0,1,0,1,5,1,1,2,0,0,2,2,4,2,2,1,1,1,1,2,0
37,1,0,0,0,5,1,1,2,0,0,2,2,4,1,2,1,0,2,2,2,0
29,0,0,0,1,5,0,1,1,1,0,2,1,4,2,2,1,1,2,2,1,0
34,0,0,0,0,5,0,1,2,0,0,2,2,4,2,2,1,1,2,2,2,0
27,0,0,0,0,5,0,1,2,0,0,2,2,4,2,2,1,1,2,2,1,0
30,0,0,1,0,5,0,1,2,0,0,2,2,4,2,2,1,1,2,2,2,0
29,0,0,0,0,5,0,1,1,1,0,1,1,4,2,2,1,1,2,2,2,0
32,0,1,1,1,5,1,1,1,1,0,2,2,4,1,2,1,0,2,2,2,0
25,0,0,0,0,4,0,1,1,1,0,1,1,4,2,2,1,1,1,1,1,0
37,0,1,0,0,5,1,1,1,1,1,2,1,4,2,2,1,1,2,2,1,0
29,0,0,1,0,5,0,1,2,0,0,2,2,4,2,2,1,1,2,2,1,0
27,0,0,0,0,5,0,1,1,0,0,2,2,4,2,2,1,1,2,2,2,0
33,0,0,0,0,5,0,1,2,0,0,2,2,4,2,2,1,1,2,2,2,0
30,0,0,1,1,5,0,0,2,0,0,2,2,4,1,2,1,0,2,1,2,1
29,0,0,0,0,5,1,1,2,1,0,2,2,3,2,2,1,1,2,2,2,0
25,0,0,1,1,5,1,1,2,0,1,2,2,4,1,2,1,1,2,2,2,0
33,0,0,1,1,5,0,0,2,1,0,2,2,4,2,2,1,1,2,2,2,0
31,0,0,0,0,5,1,1,2,0,0,2,2,4,2,2,1,1,2,2,2,0
21,0,0,0,0,5,1,1,2,0,0,2,2,4,2,2,1,1,2,2,2,0
30,0,0,1,1,5,0,1,2,0,0,2,2,4,1,1,0,0,2,2,2,0
29,0,0,0,0,5,0,0,2,0,0,2,2,4,2,2,1,1,2,2,2,0
43,0,1,0,1,5,1,1,2,0,0,2,1,4,1,2,1,0,2,2,2,1
37,0,0,0,1,5,0,1,2,0,0,2,2,4,1,2,1,1,2,1,2,0
24,0,0,0,0,5,0,1,2,0,1,2,2,4,2,2,1,1,2,2,2,0
29,0,0,0,0,5,1,1,2,0,0,2,2,4,2,2,1,1,2,2,2,0
31,0,0,0,0,5,0,0,1,1,1,1,1,4,2,2,1,1,2,2,2,0
33,0,1,0,0,5,0,0,2,0,0,2,2,4,2,2,1,1,2,1,2,0
43,0,0,0,0,5,0,0,1,1,0,1,1,4,2,2,1,1,2,2,2,0
33,0,0,0,1,5,0,1,2,0,0,2,2,4,2,2,1,0,2,2,2,0
27,0,0,0,0,5,0,1,2,0,0,1,1,4,2,2,1,1,2,1,1,0
36,0,0,1,1,5,1,0,2,0,0,2,2,4,1,2,0,0,2,2,2,0
37,0,0,1,1,5,0,1,2,1,0,2,1,4,2,2,1,1,2,2,1,1
32,0,0,0,0,5,0,1,2,1,0,2,2,4,1,2,0,0,2,2,2,0
39,0,0,0,1,5,0,1,2,0,0,2,2,4,2,2,0,1,2,1,1,0
31,0,0,1,1,5,0,1,1,1,0,2,2,4,2,2,1,1,2,1,2,0
36,0,0,0,1,5,1,1,1,1,0,2,2,4,2,2,1,1,2,2,2,0
30,0,1,0,1,5,1,1,2,0,0,2,2,4,2,2,1,1,2,1,2,0
28,0,0,0,0,5,0,1,1,0,0,2,1,4,2,2,1,1,2,2,1,0
32,0,0,0,0,5,0,1,2,0,0,2,2,3,2,2,1,0,2,2,2,0
35,0,0,1,1,5,0,1,1,1,1,1,1,4,2,2,1,1,2,2,1,0
19,0,0,0,1,5,0,1,2,0,0,2,2,3,2,2,1,1,2,1,2,0
33,0,0,1,0,5,0,1,1,1,0,2,2,4,2,2,1,1,2,2,2,0
42,0,0,0,0,5,1,1,2,0,1,1,1,4,2,2,1,0,2,2,1,0
37,0,0,1,1,5,0,1,2,0,0,2,2,4,2,2,1,1,2,2,2,0
40,0,1,0,0,5,0,1,2,0,0,2,1,4,2,2,1,1,2,2,1,0
36,0,0,0,0,5,0,1,1,1,1,1,1,4,2,2,1,1,2,2,1,0
29,1,0,1,1,5,1,0,2,0,0,2,2,4,2,2,1,1,2,2,2,0
38,1,0,1,1,5,0,0,1,0,0,2,2,4,2,2,0,0,2,2,2,0
26,0,0,1,1,5,0,1,1,0,1,2,2,3,1,2,0,0,2,2,2,0
34,0,0,0,0,5,0,1,2,0,0,2,1,4,2,2,0,1,2,2,1,0
21,0,0,0,1,5,0,0,2,1,0,2,2,4,1,2,1,1,2,1,2,1
31,0,1,1,0,5,1,1,2,1,0,2,1,4,2,2,0,0,2,2,1,0
37,1,0,1,1,5,0,0,1,1,1,1,2,4,2,2,1,1,2,2,1,0
37,0,0,1,1,5,0,1,2,0,0,2,2,4,2,2,1,1,2,2,1,0
38,0,0,1,1,5,0,1,2,0,0,2,2,4,1,1,0,0,2,2,2,0
27,1,0,0,1,5,0,1,2,0,1,2,2,4,1,2,1,0,2,2,2,0
39,0,1,0,0,5,0,1,2,0,1,2,1,4,2,2,1,1,2,2,1,0
33,1,1,1,1,5,0,1,1,1,1,1,1,4,2,1,1,0,2,2,2,0
27,0,0,0,0,5,0,1,2,0,0,2,2,4,2,2,1,0,1,1,2,0
36,1,0,0,1,5,1,1,1,0,0,2,2,4,2,2,1,1,2,2,2,0
28,0,0,0,0,5,0,1,2,0,0,2,2,4,2,2,1,1,2,1,2,0
39,0,0,0,1,4,0,0,2,0,0,2,2,4,2,2,1,1,2,2,2,0
33,0,1,1,1,5,1,1,2,1,0,2,1,4,2,2,1,1,2,2,1,0
32,0,0,0,0,5,0,0,2,0,0,2,2,4,2,2,1,1,2,1,2,0
28,0,0,0,0,5,0,0,2,0,0,2,2,4,2,2,1,1,1,1,2,0
37,0,0,1,1,5,0,1,2,0,0,2,1,4,1,2,1,1,2,2,2,1
39,0,0,0,1,5,0,0,1,1,1,1,1,4,1,2,1,1,2,2,2,1
43,0,0,0,0,5,1,1,2,0,0,2,2,4,2,2,0,0,2,2,2,0
32,0,0,0,1,5,0,0,2,0,1,1,2,4,2,2,1,1,1,1,1,1
27,1,0,0,0,5,0,1,2,0,0,1,2,4,2,2,1,1,2,2,2,0
31,1,0,0,0,5,0,1,2,0,0,2,2,4,2,2,1,1,2,2,2,0
43,0,0,0,1,5,0,1,2,0,0,2,2,4,2,2,1,1,1,1,2,0
33,0,0,0,1,5,1,1,2,1,0,2,1,3,2,2,1,1,1,1,2,0
34,0,0,1,1,5,0,1,2,0,0,2,1,4,2,2,1,1,2,2,1,0
33,0,1,0,0,5,0,1,2,0,0,2,2,4,2,2,1,1,2,2,2,0
25,0,0,0,0,5,0,1,2,0,0,2,2,4,2,2,1,1,2,2,2,0
25,0,0,1,1,5,0,0,1,1,1,1,1,4,2,2,1,1,2,2,2,1
32,0,1,1,0,5,0,1,2,1,0,2,1,4,2,2,0,1,2,2,2,0
25,0,0,1,1,5,0,1,1,1,0,2,1,4,2,2,1,1,2,2,2,0
37,0,0,0,0,5,1,0,2,0,0,2,2,4,2,2,1,1,2,2,2,0
39,0,0,0,1,5,0,1,1,1,1,1,1,4,2,2,1,1,2,2,1,0
29,0,0,0,0,5,0,1,2,0,0,2,2,4,2,2,1,1,2,2,2,1
33,0,0,0,1,5,0,1,1,1,0,2,2,4,2,2,1,1,2,2,2,0
37,1,0,0,1,5,1,1,2,0,0,2,1,3,1,2,1,1,2,1,2,1
35,1,0,0,1,5,0,0,1,0,0,2,1,4,1,2,0,1,2,1,2,1
22,1,0,1,1,5,0,1,2,0,0,2,2,4,1,2,1,1,2,2,2,1
38,0,0,0,0,5,0,1,1,1,0,2,2,4,2,2,1,1,2,2,2,1
32,1,0,1,1,5,0,1,1,0,0,2,2,4,1,2,1,1,2,2,2,0
28,0,0,0,0,5,0,1,2,0,0,2,2,4,2,2,1,1,2,1,2,1
27,0,0,1,0,5,0,1,2,0,0,2,2,4,2,2,1,1,2,1,2,0
35,1,0,0,1,5,1,1,2,0,0,2,2,4,2,2,1,0,2,2,1,0
29,0,0,0,0,5,0,0,1,1,1,2,1,4,1,2,1,1,2,2,2,0
23,0,0,1,1,5,0,1,2,1,0,2,2,4,2,2,1,1,2,2,1,0
39,0,0,0,0,5,1,1,1,0,0,2,2,4,1,2,0,0,2,2,2,0
30,1,0,0,0,5,0,1,1,1,1,1,1,4,2,2,1,0,2,2,1,0
32,0,0,0,0,5,0,1,2,0,0,2,2,4,2,2,1,1,2,2,2,0
28,1,0,0,1,5,0,1,2,1,0,2,2,3,1,2,1,1,2,2,2,1
40,1,0,1,1,5,0,0,1,1,1,1,1,4,2,2,1,1,2,2,2,1
36,1,0,1,0,5,0,1,2,0,0,2,2,4,2,2,0,1,2,2,1,0
27,0,0,0,0,5,1,1,2,0,0,2,2,4,2,2,1,1,2,2,1,0
41,0,0,1,0,5,0,1,1,1,0,1,2,4,2,2,1,1,2,2,2,0
29,0,0,0,0,5,0,1,2,0,0,2,2,4,2,2,1,0,2,2,2,0
29,0,0,0,1,5,0,1,2,0,0,2,2,3,2,2,1,1,2,2,2,0
35,0,0,0,1,5,0,0,2,0,0,2,1,4,1,2,1,1,2,1,2,1
28,0,0,0,1,5,1,1,2,1,0,2,2,4,2,2,1,1,2,2,2,0
36,1,1,0,0,5,1,1,2,0,0,2,2,4,2,2,1,0,2,2,2,0
39,1,0,0,0,5,0,1,2,0,0,2,2,4,1,2,0,0,2,1,2,0
39,0,0,1,1,4,0,1,1,1,1,1,1,4,2,2,1,1,2,2,2,0
44,0,1,1,1,5,1,1,2,1,0,2,2,4,1,1,1,0,2,2,1,0
26,0,1,0,1,5,1,1,2,0,1,1,1,4,2,2,1,1,2,2,1,0
35,0,1,1,1,5,0,1,2,1,1,2,2,4,2,2,1,1,2,1,1,0
40,1,0,1,1,5,0,0,1,0,1,2,2,4,1,2,1,0,2,2,2,0
35,0,1,1,1,5,0,1,2,1,1,2,2,4,2,2,1,1,2,1,1,0
38,0,0,0,0,5,1,1,2,1,0,2,2,4,1,1,0,0,2,2,2,0
34,0,0,0,0,5,1,1,2,0,0,2,2,4,2,2,1,1,2,2,1,0
43,0,0,0,0,5,0,1,1,0,1,1,2,4,2,2,1,1,2,2,2,0
48,1,0,1,0,5,0,1,2,0,0,2,2,4,1,1,0,1,2,2,2,1
20,0,0,0,0,5,0,1,2,0,0,2,2,4,2,2,1,1,2,2,1,0
40,0,1,0,0,5,1,1,2,0,0,2,2,4,1,2,1,0,2,2,2,0
29,1,0,0,1,5,0,1,2,0,0,2,2,4,2,2,1,0,2,2,2,0
35,0,0,1,1,5,0,0,2,1,0,2,1,4,2,2,1,1,2,2,1,0
29,0,0,1,0,5,1,0,1,1,0,1,1,4,2,2,1,0,2,2,1,0
40,0,0,0,0,5,0,1,1,0,0,2,2,4,2,2,1,1,2,2,2,0
29,0,0,0,1,5,0,1,2,1,0,2,1,4,2,2,1,1,2,2,1,0
29,1,0,1,1,5,0,1,1,0,0,2,2,4,2,2,1,1,2,2,2,0
34,0,0,0,1,5,0,1,2,0,0,2,2,4,1,2,0,0,2,1,2,0
44,0,0,1,1,4,0,0,2,0,0,2,2,3,2,2,1,1,2,2,2,1
24,1,0,1,1,5,0,1,1,1,0,2,1,4,2,2,1,1,2,1,2,1
47,1,0,0,0,5,1,1,2,0,0,2,2,4,1,1,0,0,2,2,2,0
43,0,0,1,0,5,0,0,2,0,0,2,2,4,2,2,1,1,2,2,2,0
36,0,0,0,0,5,0,1,1,1,1,1,1,3,2,2,1,1,2,2,2,0
43,0,0,0,1,5,0,0,2,0,0,2,2,4,2,2,1,1,2,2,2,0
36,0,1,0,0,5,1,1,2,0,0,2,2,3,2,2,1,1,2,2,2,1
31,1,0,1,1,5,0,1,1,1,0,2,2,3,2,2,1,1,2,2,2,0
35,0,0,0,0,5,0,1,2,0,1,2,2,4,2,2,1,0,2,2,2,0
33,0,0,1,0,5,0,0,1,0,0,2,1,3,2,2,1,1,2,2,2,0
37,0,0,0,0,5,0,1,2,0,0,2,2,4,1,1,1,0,2,2,2,0
34,0,0,0,1,5,0,1,2,0,1,2,1,4,2,2,1,0,2,2,2,0
36,0,1,0,1,5,0,1,2,0,0,2,2,4,2,2,1,0,2,2,1,0
40,0,1,1,1,5,1,1,2,1,0,2,1,4,2,2,1,1,2,2,1,0
40,0,0,0,0,5,0,1,1,1,1,1,1,4,2,2,1,1,2,2,2,0
42,0,0,0,1,5,1,1,2,1,0,2,2,4,2,2,0,0,2,2,2,0
23,0,0,1,0,5,1,1,1,1,0,2,1,4,2,2,0,1,2,2,2,0
21,0,0,1,0,5,0,0,2,0,0,2,1,4,2,2,1,1,2,2,2,0
26,0,0,0,0,5,1,1,2,0,0,2,2,4,1,2,1,1,2,2,2,0
31,0,0,1,0,5,0,1,2,0,0,2,2,4,2,2,1,1,2,2,2,0
25,0,0,1,0,5,0,1,1,1,1,1,1,4,2,2,1,1,2,1,1,0
51,0,0,0,0,5,1,1,1,1,1,1,1,4,2,2,1,1,2,2,1,0
24,0,0,0,0,5,0,1,2,0,0,2,1,4,2,2,1,1,2,2,2,0
33,0,0,0,0,5,0,1,2,0,0,2,2,4,2,2,1,1,2,2,2,0
32,0,0,1,1,5,0,0,2,0,0,2,2,4,1,2,1,0,2,2,2,0
32,0,0,1,1,5,0,0,2,0,0,2,2,4,1,2,1,0,2,2,2,0
26,0,1,0,1,5,1,1,2,0,0,2,2,3,2,2,1,1,2,2,1,0
23,0,0,0,0,5,0,0,2,0,0,2,2,4,2,2,1,1,2,2,2,0
33,0,0,1,1,5,1,1,2,1,0,2,2,4,1,2,1,1,2,2,2,0
46,0,0,0,1,5,0,0,1,1,1,1,1,4,1,2,0,0,2,2,1,0
34,0,0,0,0,5,1,1,2,0,0,2,2,3,1,2,0,0,2,1,2,1
35,0,0,1,1,5,0,1,1,1,0,2,2,4,2,2,1,1,2,2,2,0
39,0,0,0,0,5,1,1,2,1,0,2,2,4,2,2,1,1,2,2,2,0
32,0,1,0,0,5,1,1,2,1,0,2,1,4,2,2,1,1,2,2,2,0
43,0,1,0,0,5,1,1,2,0,0,2,2,4,2,2,1,1,2,2,2,0
56,0,0,0,1,5,1,1,1,1,0,1,1,4,2,2,1,1,1,1,1,0
32,1,0,1,1,5,0,1,2,0,0,2,2,3,2,2,1,1,2,1,2,1
41,0,0,0,0,5,0,0,1,1,1,1,1,4,2,2,1,1,2,1,2,1
39,0,0,0,0,5,1,1,2,0,0,2,2,4,2,2,1,1,2,2,2,0
37,0,0,1,0,4,0,0,1,1,0,2,1,4,2,2,0,0,2,2,2,0
30,0,1,1,1,5,1,1,2,0,0,2,2,4,1,2,0,0,2,2,2,0
31,0,0,0,0,5,0,1,1,0,1,2,1,4,2,2,1,1,2,2,2,0
29,0,0,0,0,5,0,0,2,0,0,2,2,4,2,2,0,1,2,2,2,0
23,1,0,1,0,5,0,0,2,0,0,1,2,4,1,2,0,0,2,2,2,0
31,0,0,0,1,5,0,1,1,1,0,2,1,4,2,2,0,0,2,2,2,0
29,0,0,1,1,5,0,1,2,0,0,2,2,4,2,2,1,1,2,2,1,0
30,0,0,0,0,5,1,1,1,1,0,2,1,4,2,2,1,1,2,2,1,0
37,0,0,0,0,4,1,1,1,0,1,2,2,4,2,2,1,1,2,2,1,1
36,0,1,0,0,5,0,1,1,0,0,2,2,3,2,2,1,1,1,1,1,0
35,0,0,1,1,5,1,1,1,1,0,2,2,4,2,2,1,0,2,2,2,0
41,0,0,1,0,4,1,0,2,0,0,2,2,4,2,2,0,0,2,2,2,0
31,0,0,0,1,5,0,1,2,0,0,2,2,4,2,2,1,1,2,2,2,0
38,0,0,1,0,4,0,0,1,1,1,1,2,4,2,2,1,1,2,2,2,0
26,0,1,0,0,5,0,1,2,0,0,2,1,4,2,2,1,1,2,2,1,0
39,0,0,1,0,5,0,1,1,0,1,1,2,4,2,2,1,1,2,2,2,1
42,0,1,1,0,5,1,0,1,0,0,1,2,4,2,2,1,0,2,2,2,0
32,0,1,1,1,5,1,1,2,1,0,2,2,4,1,2,1,0,2,2,2,0
29,0,0,1,0,5,0,1,2,0,0,2,2,4,2,2,1,1,2,2,2,0
30,0,0,1,0,5,0,1,1,0,0,1,2,4,1,1,1,0,2,2,2,0
40,0,0,1,1,4,1,1,2,0,0,2,2,4,2,2,1,1,2,1,2,0
51,0,0,0,0,5,0,0,2,0,0,2,2,3,2,2,1,1,2,2,2,0
33,0,0,0,0,5,0,1,1,1,1,1,1,4,2,2,1,1,2,2,1,0
34,0,1,0,1,5,1,1,2,0,0,2,1,3,2,2,1,1,2,2,2,0
50,0,1,0,0,5,1,1,2,1,0,2,1,4,2,2,1,1,2,2,1,0
24,0,0,0,0,5,1,1,2,0,0,2,2,4,2,2,1,1,2,2,2,0
25,0,0,1,1,5,0,0,2,0,0,2,2,4,1,2,0,0,2,2,2,0
43,0,0,1,1,5,0,1,2,0,0,2,2,4,1,1,1,0,2,2,2,1
25,1,1,0,1,5,0,1,1,1,1,1,1,4,2,2,1,1,2,2,1,1
24,0,1,0,0,5,1,1,2,1,0,2,1,4,2,2,0,0,2,2,1,0
51,0,1,0,0,5,0,1,2,1,0,2,1,3,2,2,1,1,2,2,2,0
49,0,0,1,1,5,0,1,1,1,0,1,1,3,1,2,0,0,2,2,2,1
30,0,0,0,0,5,1,1,1,0,1,1,2,4,1,2,0,0,2,2,2,0
25,1,0,1,1,5,0,1,1,1,1,2,2,4,1,1,0,0,2,2,2,0
36,0,0,0,1,4,1,1,1,1,0,2,2,4,2,2,0,0,2,2,2,0
48,0,0,0,1,5,0,1,1,1,1,1,1,4,2,2,1,1,2,2,1,1
48,0,0,0,1,5,0,1,2,0,0,2,2,4,1,2,1,0,2,2,2,1
53,0,0,0,1,5,1,1,1,1,0,1,2,4,2,2,1,0,2,2,2,0
24,1,0,1,1,5,1,1,2,0,0,2,2,4,2,2,1,1,2,2,2,0
33,0,0,1,1,5,0,1,2,1,0,1,2,4,2,2,1,1,2,2,2,0
25,1,0,1,1,5,0,1,1,1,0,2,1,4,2,2,1,1,2,2,2,0
30,0,0,0,1,5,0,1,2,0,0,2,2,3,1,2,1,0,2,2,2,0
30,0,1,0,0,5,1,1,2,1,0,2,1,4,2,2,1,1,2,2,2,0
34,0,1,0,1,5,1,1,2,0,0,2,1,3,2,2,1,1,2,2,1,0
31,0,0,0,0,5,1,1,1,1,1,1,1,4,2,2,1,1,2,1,1,0
22,1,0,1,1,5,0,1,2,0,0,2,2,4,1,1,0,0,2,2,2,0
28,0,0,1,0,5,0,1,2,0,0,2,2,4,2,2,1,1,2,1,2,0
35,0,0,1,1,5,0,0,1,1,0,1,1,3,2,2,1,1,2,2,2,0
28,0,0,1,1,5,0,0,1,0,0,2,2,4,2,2,1,1,2,2,1,0
42,0,0,0,1,5,0,0,2,1,0,2,1,3,1,2,1,1,2,1,2,1
33,0,0,1,0,4,0,1,1,0,0,2,2,4,2,2,1,1,1,1,1,0
29,0,0,0,0,5,0,1,1,0,1,2,2,4,1,2,0,0,2,2,2,0
43,0,0,1,0,4,0,0,1,0,0,2,2,4,2,2,0,1,2,2,2,0
29,0,0,0,0,5,0,1,1,1,1,1,2,4,2,2,1,1,2,2,1,0
25,0,0,0,0,5,1,1,1,0,0,2,1,4,2,2,1,1,2,2,2,0
31,0,0,1,0,5,0,1,2,0,0,2,2,4,2,2,1,1,2,2,2,0
35,1,0,1,1,5,0,0,1,0,1,1,1,3,2,2,1,1,2,2,1,0
34,0,0,0,0,5,0,1,2,0,0,1,2,4,2,2,1,1,2,2,1,0
43,0,0,0,1,5,1,1,1,1,0,1,1,4,1,2,1,0,2,2,2,1
38,0,0,1,1,5,0,1,2,0,0,2,2,4,1,1,0,1,2,2,2,0
26,0,0,1,1,5,0,1,2,0,0,1,1,4,2,2,1,1,1,1,2,1
38,0,1,1,1,5,1,0,2,0,0,2,1,4,2,2,0,0,2,2,2,0
42,0,0,0,1,5,0,1,2,0,0,2,2,4,1,2,0,0,2,2,2,0
33,0,0,1,1,5,0,1,2,0,0,2,2,4,2,2,1,1,2,2,1,1
32,0,0,0,1,5,0,1,1,1,1,1,1,4,2,2,1,1,2,2,2,0
44,0,0,1,1,5,1,1,1,1,1,1,1,3,2,2,1,1,2,2,2,0
28,0,0,1,1,5,0,1,1,1,0,2,2,4,2,2,1,0,2,2,2,0
40,0,0,1,1,5,1,1,1,1,1,1,1,4,1,2,1,1,2,2,2,1
31,1,0,1,1,4,0,1,1,1,0,2,1,4,2,2,1,1,2,2,1,0
32,0,0,1,0,5,0,1,1,1,1,1,2,4,1,2,1,0,2,2,2,0
28,0,0,1,1,5,0,1,2,0,0,2,2,4,2,2,1,0,2,2,2,0
39,0,0,1,1,5,0,1,1,1,0,2,1,4,1,2,1,0,2,2,2,0
45,0,0,0,0,5,0,0,1,1,1,1,2,4,2,2,1,1,2,2,1,0
43,0,0,0,1,5,0,1,1,1,1,1,2,4,2,2,1,1,2,1,1,0
35,0,0,0,1,5,0,1,1,1,0,1,2,4,2,2,1,1,2,2,2,0
40,0,0,1,1,5,0,1,1,1,0,2,1,4,2,2,1,1,2,2,2,0
34,0,0,0,1,5,0,1,2,1,0,2,1,4,2,2,1,1,2,2,1,0
24,0,0,1,1,5,0,0,2,1,0,2,2,4,1,2,1,1,2,2,2,1
61,0,1,0,1,5,1,1,2,0,0,2,2,4,1,2,1,1,2,2,2,1
36,1,0,1,1,5,0,1,2,0,0,2,2,4,1,2,1,0,2,2,2,0
38,0,0,0,0,5,0,1,2,0,0,2,1,4,2,2,1,1,2,2,2,0
33,0,0,1,1,5,0,1,2,0,1,2,1,4,2,2,1,1,1,1,1,0
30,0,0,1,0,5,0,0,2,0,0,2,2,4,1,2,0,0,2,2,2,0
34,0,1,1,1,5,1,1,1,1,1,1,1,4,2,2,1,1,2,2,1,0
26,0,0,0,1,5,0,1,1,0,0,2,2,4,2,2,1,1,2,2,2,0
33,0,0,0,0,5,0,1,2,0,0,2,2,4,2,2,1,1,2,2,2,0
32,0,0,0,0,5,0,1,2,0,0,2,2,4,2,2,0,1,2,2,2,0
25,0,1,0,0,5,1,1,2,1,0,2,1,4,2,2,1,1,1,1,1,0
35,0,1,0,1,5,1,0,2,0,0,2,2,3,1,2,1,0,2,2,2,0
24,0,1,1,0,5,1,1,2,0,0,2,2,4,2,2,1,1,2,2,2,0
55,0,0,0,1,5,0,0,1,1,1,1,2,4,1,2,0,1,2,2,2,1
33,0,1,1,1,5,1,1,2,1,0,2,2,4,1,2,1,1,2,2,2,1
26,1,1,1,1,5,1,1,2,0,0,2,2,4,2,2,1,1,2,2,1,0
25,0,0,0,0,5,1,1,2,0,0,2,2,4,2,2,1,1,2,2,2,0
45,0,0,1,0,5,0,0,2,0,0,2,2,4,2,2,1,0,2,2,2,0
33,1,1,0,1,5,1,1,2,1,1,1,1,4,2,2,1,1,2,2,2,0
43,0,0,0,0,5,1,1,2,0,0,2,2,4,1,2,0,0,2,2,2,1
30,0,1,0,1,5,0,1,2,1,0,2,2,4,1,1,0,0,2,2,1,1
40,0,0,1,1,5,0,1,2,0,0,2,2,4,2,2,1,1,2,2,2,0
49,0,0,1,0,5,0,1,1,1,1,1,1,4,2,2,1,1,2,2,1,0
29,0,0,0,0,5,0,1,2,0,0,2,2,4,2,2,1,1,2,1,2,0
26,0,0,0,0,4,0,1,2,0,0,2,2,4,2,2,1,1,2,2,2,0
38,0,0,0,0,5,0,1,1,1,1,1,1,4,2,2,1,1,2,2,2,1
27,0,0,1,0,4,0,0,1,1,0,2,1,4,2,2,0,1,2,2,2,1
26,0,0,0,0,5,0,1,1,0,0,2,2,4,2,2,0,0,2,2,2,0
28,0,0,1,1,5,0,1,2,0,0,2,2,4,2,2,1,1,2,2,2,0
40,0,0,1,1,5,1,1,2,0,0,2,2,4,2,2,1,1,2,2,2,0
37,1,1,1,1,5,1,1,2,1,0,2,1,4,1,2,1,1,2,2,2,1
34,1,0,1,1,5,1,0,1,1,0,1,2,4,1,1,1,0,2,2,2,0
28,0,0,1,1,5,0,1,2,0,0,2,2,4,2,2,1,1,2,1,2,0
27,0,0,0,0,5,0,1,1,0,1,2,1,4,2,2,1,1,2,2,1,0
29,0,0,0,1,5,1,1,2,0,0,2,2,4,2,2,1,1,2,1,1,0
39,1,0,1,0,4,1,1,2,0,0,2,2,3,1,1,0,0,2,2,2,1
28,0,0,0,0,5,0,1,2,0,0,2,2,3,1,2,0,0,2,1,1,0
23,0,0,1,0,5,0,1,1,0,1,1,1,4,2,2,0,0,2,2,2,0
38,0,0,0,0,5,1,1,2,0,0,2,1,4,2,2,1,1,2,2,2,0
19,0,0,0,0,5,0,1,1,0,0,1,2,4,2,2,1,1,2,2,1,0
30,1,0,1,1,5,0,1,1,1,1,2,1,4,2,2,1,0,2,2,1,0
28,0,1,0,0,5,1,1,2,1,0,2,1,4,2,2,0,0,2,2,1,0
20,0,0,0,1,5,0,1,2,0,0,2,2,4,1,2,0,0,2,2,1,0
35,0,1,0,0,5,0,1,2,0,0,2,2,4,2,2,1,1,2,2,2,0
39,0,0,0,1,5,1,1,1,1,0,2,1,4,2,2,1,1,2,2,2,0
31,1,0,1,0,5,0,0,1,0,0,2,2,4,1,1,0,0,2,2,2,0
32,0,0,0,0,4,0,1,2,0,0,2,2,4,1,2,0,0,2,2,2,0
27,0,0,0,0,5,0,1,2,0,0,2,2,4,2,2,0,0,2,2,2,0
25,0,0,1,1,5,1,1,1,1,0,2,1,4,2,2,1,1,2,2,2,0
42,0,0,1,1,5,1,1,2,0,0,2,2,4,2,2,1,1,2,2,2,0
34,0,0,1,1,5,0,1,1,1,0,2,1,4,2,2,1,1,2,2,2,0
26,1,0,0,1,5,1,1,2,0,0,2,2,4,2,2,1,0,2,2,2,1
35,0,0,1,1,5,0,1,2,1,0,2,1,4,1,1,1,1,2,2,1,1
34,0,0,0,0,4,0,1,2,0,0,2,2,4,2,2,1,1,2,2,1,0
38,0,0,1,1,5,1,0,1,1,0,1,1,4,2,2,1,1,1,1,2,0
34,0,0,0,0,5,0,1,2,0,0,2,2,4,1,2,1,0,2,2,2,0
39,0,0,1,1,5,1,1,2,1,0,2,1,4,2,2,1,1,2,1,1,0
44,1,0,0,0,5,0,1,2,0,0,2,2,4,1,2,0,0,2,2,2,0
40,0,0,0,0,5,0,0,1,1,1,1,1,4,2,2,0,1,2,2,2,0
33,1,1,0,0,5,1,1,2,1,0,2,1,4,2,2,0,1,2,2,1,0
24,1,0,1,0,5,0,0,1,1,0,2,2,3,1,2,1,1,2,2,2,1
38,1,0,1,0,5,1,1,2,0,0,2,2,4,2,2,1,1,2,2,2,0
31,0,0,0,0,5,0,1,1,0,1,1,1,4,1,2,1,1,2,2,1,0
23,0,0,0,0,5,0,1,2,0,0,2,1,4,2,2,1,1,2,1,2,0
26,1,0,0,0,5,0,1,2,0,0,2,2,4,2,2,1,1,2,2,1,0
46,1,0,0,1,5,0,0,1,1,1,1,2,4,1,2,1,1,2,2,2,1
30,0,0,1,1,5,1,1,1,0,0,2,2,4,2,2,1,0,2,2,2,0
25,0,0,0,0,5,1,1,2,0,0,2,2,4,1,2,1,1,2,1,2,1
19,0,0,0,0,5,1,1,2,0,0,2,2,4,2,2,1,1,2,2,2,0
30,1,0,1,1,4,0,0,1,1,1,1,1,4,2,2,1,1,2,2,2,1
32,0,0,0,0,5,0,1,1,1,1,1,2,4,2,2,1,1,2,2,1,0
32,0,0,0,0,5,0,1,2,0,0,2,2,4,2,2,0,0,2,2,2,0
37,0,0,1,0,5,1,1,2,0,0,2,2,4,2,2,1,1,2,2,2,0
42,0,0,1,1,5,1,1,2,0,0,2,2,4,2,2,1,1,2,2,2,0
25,1,0,0,0,5,0,1,1,1,1,1,2,4,2,2,1,1,2,2,1,0
19,0,0,0,0,5,0,1,2,0,0,2,2,4,2,2,1,1,2,2,2,0
40,1,0,1,0,5,1,1,1,1,1,2,2,4,1,1,0,0,2,2,2,0
34,0,0,0,0,5,0,0,1,0,1,2,2,4,2,2,1,1,2,2,2,0
26,0,0,1,0,5,0,1,2,0,0,2,2,4,2,2,1,1,2,2,1,0
31,0,0,1,1,5,0,1,2,0,0,2,1,4,2,2,1,1,2,2,1,0
40,0,0,1,0,5,1,0,1,0,1,2,2,4,1,2,1,1,2,2,2,0
31,1,0,1,1,5,0,1,2,0,0,2,2,4,1,2,0,0,2,1,2,1
36,0,0,0,0,5,0,0,2,0,0,2,2,4,1,2,0,0,2,2,2,1
35,0,0,1,0,5,1,1,2,1,0,2,2,4,2,2,0,1,2,2,2,0
26,0,0,1,1,5,1,1,2,0,0,2,1,4,2,2,1,1,2,2,1,0
44,0,0,0,0,5,1,0,2,0,0,2,1,4,1,2,1,0,2,2,2,0
34,1,0,0,0,5,0,1,2,0,0,2,2,4,2,2,1,1,2,2,1,0
35,0,0,0,0,5,1,1,2,0,0,2,2,4,2,2,0,0,2,2,2,0
28,1,0,1,1,5,1,1,2,0,0,2,2,4,1,2,1,1,2,2,2,0
33,0,0,0,0,5,1,1,1,0,0,1,1,4,2,2,1,1,2,2,1,0
40,0,0,1,1,5,1,1,1,1,0,1,2,4,1,2,0,0,2,2,2,0
26,0,0,0,1,5,0,1,1,1,0,2,1,4,2,2,1,0,2,2,2,0
29,1,0,0,1,5,0,0,1,1,0,2,2,4,2,2,1,0,2,1,2,1
26,1,0,1,1,5,0,1,1,0,0,2,1,4,2,2,1,0,2,2,2,0
33,0,0,1,1,5,0,1,2,0,0,2,2,4,2,2,1,1,2,2,2,0
28,0,0,1,0,5,0,1,2,0,0,2,2,4,2,2,1,1,2,2,2,1
41,0,1,0,1,5,1,0,2,1,1,1,1,4,2,2,1,1,2,2,1,1
39,0,1,1,1,5,1,1,2,1,1,1,1,3,2,2,1,1,2,2,1,1
26,1,0,1,1,5,0,1,1,1,0,2,2,4,2,2,1,1,2,2,2,1
23,1,0,1,0,5,0,0,2,0,0,2,2,3,1,2,0,1,2,2,2,0
35,0,0,1,1,5,0,1,2,0,0,2,1,4,2,2,1,1,2,2,2,0
36,0,0,0,0,5,1,1,2,0,0,2,2,4,2,2,1,1,2,2,2,0
42,0,0,0,0,5,0,0,2,0,0,2,2,4,2,2,1,0,2,2,2,0
39,0,0,1,1,4,0,1,1,1,0,2,1,4,2,2,1,1,2,2,1,0
27,0,0,0,0,5,0,1,2,0,0,2,2,4,2,2,1,1,2,2,2,0
33,0,1,0,0,5,1,1,2,0,0,2,2,4,2,2,1,1,2,2,1,0
31,0,0,1,1,5,0,1,1,0,0,2,2,4,2,2,1,0,2,2,2,0
28,1,0,0,1,5,0,1,1,1,0,1,1,4,2,2,1,1,2,1,2,0
29,1,0,0,1,5,1,0,1,0,0,2,2,4,2,2,1,1,2,2,2,0
27,0,0,0,1,5,0,1,2,0,0,2,1,4,2,2,1,0,2,2,2,0
44,0,1,0,0,5,1,1,2,0,0,2,1,3,2,2,0,0,2,2,2,0
25,0,0,0,1,5,1,1,2,0,0,2,2,4,2,2,1,0,2,2,2,0
24,0,0,1,1,5,0,1,2,0,0,2,2,4,2,2,1,1,2,2,2,0
25,0,0,1,1,5,0,0,2,0,0,2,1,4,2,2,1,1,2,2,2,1
34,0,0,0,0,5,1,1,1,0,0,2,2,4,2,2,0,1,2,2,2,0
26,0,0,0,0,5,0,0,1,1,0,2,2,3,2,2,0,1,2,2,2,0
48,0,0,0,0,5,0,0,1,1,1,1,1,4,2,2,1,1,2,2,2,0
34,0,0,0,0,5,1,1,2,0,0,2,2,4,1,2,1,0,2,2,2,0
39,1,0,0,1,5,1,1,2,0,0,2,2,4,2,2,1,1,2,2,2,0
43,0,0,0,0,5,1,1,1,0,0,1,2,4,2,2,0,0,2,2,2,0
41,0,0,0,0,5,0,1,1,1,1,1,2,4,2,2,1,0,2,2,1,1
25,0,0,0,0,5,0,0,2,0,0,2,2,4,2,2,1,1,2,2,2,0
31,0,0,0,1,5,0,1,1,1,0,2,2,4,2,2,1,0,2,2,2,0
40,0,0,1,1,5,0,1,1,1,1,1,1,4,1,1,0,0,2,2,2,1
43,0,1,1,1,5,1,1,1,0,0,2,2,4,2,2,1,1,2,2,2,0
27,1,0,1,1,5,0,1,1,1,1,1,1,4,2,2,1,1,2,2,2,1
37,1,0,1,1,5,1,1,1,1,0,2,2,4,1,2,0,0,2,2,2,0
32,0,1,0,1,5,0,1,2,0,0,2,1,4,2,2,1,1,2,2,2,0
25,0,0,1,1,5,0,1,2,1,0,2,1,4,2,2,1,1,2,2,2,0
29,0,0,1,1,5,0,1,2,0,0,1,2,4,2,2,1,1,2,2,1,0
30,1,0,1,1,5,0,0,1,0,0,2,2,3,1,2,0,0,2,2,2,0
34,1,0,1,1,5,0,0,2,0,1,2,2,4,2,2,1,1,2,2,1,0
32,0,0,1,1,5,0,0,1,1,1,1,1,4,2,2,1,1,2,2,2,0
37,0,0,0,0,5,0,1,2,0,0,2,1,4,2,2,1,1,2,2,1,0
41,0,0,0,1,5,0,1,2,0,0,2,2,3,2,2,1,1,2,2,1,0
38,0,0,1,0,5,0,0,1,0,1,1,2,4,1,2,1,0,2,2,2,0
32,0,0,0,1,5,0,1,1,1,1,2,1,4,2,2,1,1,2,2,2,0
28,1,0,1,1,5,0,1,1,1,0,2,2,4,2,2,1,1,2,2,1,0
11,0,1,0,0,5,1,1,2,1,0,2,1,4,2,2,1,1,2,2,1,0
43,0,0,1,0,5,0,0,1,1,0,2,2,4,2,2,1,1,2,2,2,0
32,0,0,1,1,5,0,1,2,1,0,2,2,4,1,2,1,1,2,1,2,0
25,0,0,0,1,5,0,1,1,1,1,2,1,4,1,2,0,0,2,2,1,0
37,0,0,0,1,5,0,1,1,0,0,1,1,4,2,2,0,1,2,2,1,0
36,0,1,0,1,5,0,0,2,1,0,2,2,4,2,2,0,0,2,2,2,1
24,0,0,1,1,5,1,1,2,0,0,2,2,4,2,2,1,1,2,1,1,0
40,0,0,1,1,5,0,1,1,0,1,2,2,3,2,2,1,1,2,2,2,1
29,0,0,0,0,5,0,0,2,0,1,2,1,4,2,2,1,1,2,2,1,0
43,0,0,0,0,4,0,1,2,0,0,2,2,4,2,2,1,1,2,2,1,0
29,0,0,0,0,5,1,1,1,0,0,1,2,4,2,2,1,1,2,1,2,0
26,0,0,1,0,5,0,1,2,0,0,2,2,4,2,2,1,0,2,2,2,0
33,1,1,1,1,5,1,1,2,1,0,2,2,4,1,1,0,0,2,2,2,1
35,1,0,1,0,5,1,1,2,0,0,2,2,4,2,2,1,1,2,2,1,0
45,0,0,0,0,5,1,1,1,0,0,2,2,4,1,2,1,0,2,2,2,0
25,0,0,0,1,5,1,1,2,1,0,2,2,4,2,2,0,1,2,2,2,0
50,0,1,0,1,5,1,1,2,0,0,2,2,4,2,2,1,1,2,2,2,0
26,0,0,1,1,5,0,1,2,0,0,2,2,4,2,2,1,1,2,1,1,0
33,1,0,0,1,5,0,1,1,1,0,2,2,4,1,2,0,0,2,2,2,0
30,0,0,0,0,5,0,1,2,0,0,2,2,4,2,2,1,1,2,2,2,0
33,0,0,1,1,5,1,1,1,1,0,2,1,4,2,2,1,1,2,2,1,0
29,0,0,0,1,5,0,1,1,0,0,2,1,4,2,2,1,1,2,1,2,0
37,0,0,0,0,5,1,1,2,0,0,2,2,4,2,2,1,0,2,1,2,0
25,0,0,1,1,5,1,1,2,0,0,2,2,4,2,2,1,1,2,1,2,0
40,0,0,0,0,5,0,0,1,0,0,2,2,4,2,2,1,1,2,2,2,0
24,0,0,0,0,5,0,1,1,1,0,2,1,4,2,2,0,0,2,2,2,1
40,0,0,0,1,5,0,1,2,0,0,2,2,4,2,2,1,1,2,2,2,0
46,0,0,1,1,5,0,1,2,1,0,2,2,4,1,2,0,1,2,2,2,0
38,0,0,1,1,5,0,0,1,1,1,1,1,4,1,2,0,1,2,1,2,0
34,0,0,0,0,5,1,1,2,1,0,2,2,4,1,1,0,0,2,2,2,0
32,0,1,0,1,5,0,1,2,1,1,1,1,4,2,2,1,1,2,1,2,1
44,0,0,0,1,5,0,0,2,0,0,1,2,4,2,2,1,1,2,2,2,0
33,1,0,0,1,5,0,1,2,0,0,2,2,4,2,2,1,1,2,2,2,0
45,1,0,0,1,5,0,0,2,0,0,2,2,4,2,2,1,1,2,2,2,0
35,0,0,0,0,5,0,1,2,0,0,2,1,4,2,2,0,0,2,2,1,0
26,0,1,1,1,5,0,1,2,0,0,2,2,4,2,2,1,1,2,1,2,1
20,1,0,0,1,5,1,1,2,0,0,2,2,4,2,2,1,1,2,2,2,0
37,0,0,1,0,5,0,1,2,0,0,2,1,4,2,2,1,1,2,2,1,0
28,0,0,0,0,5,0,0,1,0,0,2,1,4,2,2,0,0,2,1,2,0
42,1,0,1,1,5,0,0,1,1,0,2,2,4,1,2,1,1,2,1,2,0
32,0,0,0,0,5,0,1,2,0,0,2,2,4,2,2,0,0,2,2,2,1
36,1,0,1,1,5,1,1,1,1,0,2,1,4,2,2,1,0,2,2,2,0
27,0,0,0,0,5,0,1,2,1,0,1,2,3,1,2,0,0,2,2,2,1
27,0,0,0,0,5,0,1,2,1,0,1,2,3,1,2,0,0,2,2,2,1
27,0,0,0,1,5,0,0,2,0,0,2,1,4,2,2,1,1,2,2,2,0
25,0,0,1,1,5,1,1,2,0,0,2,1,4,2,2,1,1,2,2,1,0
41,0,0,1,0,5,0,1,2,0,0,2,2,3,2,2,1,1,2,2,2,0
23,0,0,1,1,5,0,1,2,0,0,2,2,4,2,2,0,0,2,2,2,0
21,0,0,0,1,5,0,0,2,0,0,2,2,4,2,2,1,0,2,2,2,0
26,0,0,0,1,5,0,1,2,1,0,2,1,4,2,2,1,1,1,1,2,0
29,0,0,0,0,5,0,1,2,0,0,2,2,4,2,2,0,0,2,1,2,1
28,0,0,0,0,5,0,0,2,0,0,2,2,4,1,2,0,0,2,2,2,1
27,1,0,1,0,5,0,0,2,1,0,2,1,4,2,2,0,0,2,1,1,0
23,0,0,0,0,5,0,0,2,1,1,1,1,3,2,2,1,1,2,1,1,0
26,1,0,1,0,5,1,1,2,0,0,2,2,4,2,2,0,0,2,2,2,0
38,0,0,1,1,5,0,1,2,0,0,2,2,4,2,2,1,1,2,1,2,0
39,0,0,1,1,5,0,0,2,0,0,2,1,4,2,2,1,1,2,2,1,0
35,0,0,1,1,5,0,0,1,1,0,1,2,4,1,2,0,1,2,1,2,0
32,0,0,0,0,5,0,1,1,0,0,2,2,4,2,2,0,1,2,2,2,0
32,0,0,0,1,5,0,1,1,1,1,1,1,3,2,2,1,1,2,2,2,1
26,0,0,0,0,5,0,1,2,0,0,2,2,4,1,2,1,0,2,2,2,0
38,0,0,1,1,5,0,1,2,0,0,2,2,4,2,2,1,1,2,2,2,0
34,1,0,1,0,5,0,0,1,1,1,1,1,4,2,2,1,1,2,2,1,0
39,0,0,1,1,5,0,0,2,0,0,2,2,4,1,2,1,1,2,2,2,0
32,0,1,0,0,5,1,1,2,0,0,2,2,4,2,2,1,1,2,2,1,0
37,0,1,0,0,5,1,1,2,0,0,2,2,4,1,1,1,1,2,2,2,0
31,0,0,1,1,5,0,1,2,0,0,2,2,4,2,2,1,1,2,2,2,0
30,0,0,1,1,5,0,1,2,1,0,2,2,4,2,2,0,0,2,2,2,0
51,0,0,0,0,5,1,1,2,0,0,2,2,4,1,2,0,0,2,2,2,0
29,0,0,0,1,5,0,1,1,1,0,2,2,4,1,2,1,1,2,2,2,0
31,0,0,0,0,5,0,1,1,0,0,1,2,4,2,1,1,0,2,2,1,0
31,0,0,0,0,5,0,1,2,0,0,2,2,4,1,1,0,0,2,2,2,0
26,0,0,1,1,5,1,1,2,0,0,2,2,4,2,2,1,1,2,2,2,0
46,1,0,0,1,5,1,0,1,1,0,2,1,4,2,2,1,1,2,2,2,0
32,0,0,1,0,5,0,1,1,0,1,2,2,4,2,2,1,1,2,2,2,0
29,0,0,1,1,5,0,0,1,1,1,1,2,4,2,2,1,0,2,2,2,0
34,0,0,0,0,5,1,1,2,0,0,2,2,4,2,2,1,1,2,1,2,0
26,0,0,0,0,5,0,1,2,0,0,2,2,4,1,2,0,0,2,2,1,0
32,1,0,0,1,5,0,1,1,1,0,2,2,4,2,2,1,0,2,2,2,0
29,0,0,0,0,5,0,1,2,0,0,2,2,4,2,2,1,1,2,1,2,0
30,0,0,0,0,5,0,0,1,0,1,1,2,4,1,2,0,0,2,2,2,0
40,1,0,1,1,5,0,1,1,1,0,1,1,4,2,2,1,1,2,2,1,1
23,0,0,0,1,5,0,1,2,0,0,2,2,4,2,2,1,1,1,1,2,1
20,0,0,0,0,5,0,0,2,0,0,2,2,4,1,1,1,0,2,2,2,0
38,0,0,1,0,5,0,1,2,0,0,2,2,3,2,2,1,1,2,2,2,1
26,1,0,1,1,5,0,1,1,0,0,2,2,4,2,2,0,0,2,2,2,0
29,0,0,0,0,5,0,1,2,0,0,2,2,4,2,2,1,1,2,1,2,1
40,0,1,0,0,5,1,1,2,1,0,2,2,4,2,2,1,1,2,2,2,0
25,1,0,0,1,5,1,1,2,0,0,2,2,4,2,2,1,1,2,2,2,0
32,0,0,0,1,5,0,1,1,1,0,2,1,4,2,2,1,0,2,2,2,0
38,0,0,1,1,5,0,0,1,1,1,1,1,4,2,2,1,0,2,2,2,1
72,1,0,1,1,4,1,0,1,0,0,1,2,4,2,2,1,1,2,2,2,1
35,1,0,1,1,5,1,1,2,0,0,2,1,4,2,2,1,1,2,2,1,0
28,1,0,0,1,5,0,1,2,1,0,2,2,4,1,2,1,1,2,2,2,0
27,1,0,0,0,5,0,0,2,0,0,2,2,4,2,2,1,1,2,2,1,0
56,1,1,0,0,5,1,1,2,0,0,2,2,4,2,2,0,0,2,2,2,0
38,0,0,1,1,5,1,1,1,0,0,2,2,4,2,2,1,1,2,2,2,0
31,1,0,0,0,5,0,1,2,0,0,2,1,4,2,2,1,1,2,2,2,0
40,0,0,1,1,5,0,1,1,1,0,2,1,4,2,2,1,0,2,2,1,0
44,0,0,1,1,5,0,1,1,1,0,1,1,4,2,2,1,1,2,2,2,0
34,0,0,1,0,5,0,1,1,0,1,1,1,4,2,2,0,0,2,2,2,0
37,0,0,0,0,5,1,1,2,0,0,2,2,4,2,2,1,1,2,1,2,0
38,0,0,0,0,5,0,1,2,0,0,2,1,4,2,2,1,1,1,2,2,0
27,0,0,0,0,5,0,1,2,0,0,2,2,4,2,2,1,1,1,1,2,0
34,1,0,0,1,4,0,0,1,1,1,2,1,4,1,1,1,1,2,2,1,0
35,1,0,0,0,5,0,1,2,0,0,2,2,4,2,2,1,0,2,2,2,0
34,0,0,0,1,5,0,1,2,0,0,2,2,3,1,2,1,1,2,2,2,0
32,0,0,0,1,5,1,1,1,0,0,2,2,4,1,2,1,0,2,2,2,0
25,0,0,0,0,5,0,1,2,0,0,2,2,4,2,2,1,1,2,2,2,0
28,0,0,0,1,5,1,1,2,1,0,2,2,4,1,2,0,0,2,2,2,0
28,1,0,0,1,5,0,1,1,0,0,2,2,4,1,1,1,0,2,2,2,1
31,0,1,0,1,5,0,1,2,1,0,2,2,4,2,2,1,1,2,2,2,0
24,0,0,0,0,5,0,1,2,0,0,2,2,4,2,2,1,1,2,2,2,0
34,0,0,1,1,5,1,1,2,0,0,2,2,4,2,2,1,1,2,2,2,0
32,0,0,0,1,5,0,1,2,0,0,2,2,4,2,2,1,1,2,2,2,0
34,0,0,1,0,5,1,0,2,0,0,2,2,4,2,2,1,1,2,1,1,0
23,0,0,0,1,5,0,1,2,1,0,2,2,4,2,2,1,1,2,2,2,0
33,0,0,1,0,5,0,1,2,1,0,2,2,4,2,2,1,1,2,2,2,1
29,0,0,1,1,5,0,1,2,0,0,2,2,3,2,2,0,0,2,2,2,0
24,0,0,1,0,5,0,1,2,0,0,2,2,4,2,2,0,0,2,2,2,0
45,0,0,0,0,5,1,1,2,0,0,2,2,4,1,2,1,1,2,2,2,1
34,1,0,0,1,5,0,0,2,1,0,1,1,3,2,2,1,1,2,2,2,1
31,0,0,0,0,5,0,1,2,0,0,2,2,4,1,1,1,0,2,2,2,1
33,0,0,0,1,5,1,1,1,1,0,2,1,4,2,2,1,0,2,2,2,0
28,0,0,0,0,5,0,1,2,0,0,2,2,4,2,2,1,1,2,2,2,0
27,0,0,0,0,5,1,0,2,0,0,1,2,4,2,2,1,1,2,2,2,0
42,0,0,0,0,5,0,1,2,1,0,2,2,3,1,1,1,1,2,2,2,0
28,0,0,0,0,5,0,1,2,0,0,2,2,4,2,2,1,1,2,2,2,0
38,0,0,0,1,5,1,1,1,0,1,1,1,4,2,2,1,1,2,2,2,0
46,0,0,1,1,5,0,1,2,0,0,2,2,4,2,2,1,0,2,2,2,0
46,0,0,1,1,5,1,1,2,0,0,2,2,4,2,2,1,1,1,1,2,0
41,1,1,0,1,5,1,1,2,1,0,1,2,4,2,2,1,1,1,1,1,0
23,0,0,0,0,5,0,1,2,0,0,2,2,4,2,2,1,1,2,2,1,1
24,0,0,1,1,5,0,1,1,1,0,1,2,4,2,2,1,0,2,2,1,1
23,1,0,0,1,5,0,1,2,1,1,2,2,4,2,2,1,1,2,2,2,0
39,0,0,0,0,5,0,0,1,0,1,2,2,4,2,2,0,1,2,2,1,0
32,1,0,1,0,5,0,1,1,1,0,1,1,4,2,2,1,1,2,2,2,0
25,0,0,1,1,5,0,1,2,1,0,2,2,4,1,2,1,1,2,2,2,0
39,0,0,0,0,5,1,1,2,0,0,2,1,4,1,2,0,0,2,2,2,0
23,1,0,1,1,5,0,1,2,1,0,1,1,4,2,2,1,1,2,2,1,0
24,0,1,0,1,5,1,1,2,0,0,2,2,4,2,2,1,1,2,2,2,1
25,0,0,1,1,5,0,0,1,1,1,1,1,4,2,2,1,1,1,1,1,0
23,0,0,0,1,5,0,1,2,1,0,2,2,4,2,2,1,1,2,2,2,0
24,0,0,0,1,5,0,0,2,0,0,2,2,4,1,2,0,0,2,2,2,0
23,0,0,0,1,5,0,1,1,1,1,2,2,4,2,2,1,1,2,2,2,0
60,0,0,0,1,5,1,1,2,0,1,2,2,4,2,2,1,0,2,2,2,0
28,0,0,0,0,5,0,1,2,1,0,2,1,4,1,2,0,0,2,2,2,1
28,0,0,1,1,5,0,0,1,1,1,1,1,4,1,2,1,1,2,2,2,1
30,0,0,0,0,4,0,1,2,0,0,2,2,4,2,2,1,1,2,1,2,0
31,0,0,1,1,5,0,1,2,0,0,2,1,4,2,2,1,0,2,2,2,0
31,0,1,0,1,5,1,1,2,0,0,2,2,4,2,2,1,0,2,2,2,0
28,0,0,0,1,5,0,1,2,0,0,2,2,4,2,2,0,0,2,2,2,0
43,1,0,1,1,5,1,1,1,1,0,1,2,4,2,2,1,1,2,2,2,0
32,1,0,0,0,5,0,0,2,0,0,2,2,4,2,2,1,1,2,1,2,0
22,0,0,1,1,5,0,0,1,1,1,1,1,4,2,2,0,1,2,2,2,1
32,0,0,0,0,5,0,1,1,0,0,1,2,4,2,2,0,1,2,1,2,0
36,0,0,0,1,5,0,1,2,0,0,2,2,4,1,2,1,0,2,2,2,1
41,1,0,1,1,5,0,1,1,0,0,2,2,4,1,2,0,0,2,2,2,0
30,0,0,1,1,5,0,1,1,1,0,2,1,4,2,2,1,1,2,2,1,0
30,0,1,1,1,5,0,1,1,0,1,1,2,4,2,2,1,1,2,2,1,0
36,0,0,1,1,5,0,0,2,1,0,2,2,4,2,2,1,1,2,1,1,0
29,0,0,1,1,5,1,1,1,1,1,2,1,4,1,2,1,0,2,2,2,0
36,0,0,1,0,5,0,0,2,0,1,1,2,4,2,2,1,1,2,2,2,0
26,0,0,0,1,5,0,1,2,0,0,2,2,4,2,2,1,1,2,2,2,0
32,0,0,1,1,5,1,1,1,1,0,2,1,3,2,2,1,1,2,2,1,0
34,0,0,1,1,5,0,1,1,1,0,2,2,3,1,1,0,0,2,2,2,0
46,1,0,0,0,5,1,1,2,1,0,2,2,4,1,2,0,0,2,2,2,0
25,0,0,1,1,5,0,0,1,1,0,2,1,4,2,2,1,0,2,2,2,0
